Name,City,Lat,Long,Duration of Flood (days),Flood Magnitude,Area Covered (sq km),Temperature (Â°C),Humidity (%),Wind Speed (km/h),Pressure (hPa),Tide Height (m),Ocean Wave Height (m),Flood Occurred
FloodEvent_1,Mundra,22.8392,69.7219,0,0.0,0,24.3,77,31,992,1.92,1.96,False
FloodEvent_2,Ghogha,21.6864,72.2763,18,10.0,234,29.1,61,11,991,2.2,4.21,True
FloodEvent_3,Diu,20.7194,70.9904,15,10.0,211,29.0,88,75,993,3.93,1.53,True
FloodEvent_4,Surat,21.1702,72.8311,15,10.0,264,35.5,81,13,987,2.64,3.12,True
FloodEvent_5,Kandla,23.0333,70.2167,4,7.64,188,32.8,94,15,1014,1.39,2.25,True
FloodEvent_6,Mundra,22.8392,69.7219,11,10.0,409,24.5,74,98,994,4.46,5.35,True
FloodEvent_7,Okha,22.4671,69.0702,0,0.0,0,31.6,83,20,996,1.31,2.71,False
FloodEvent_8,Mundra,22.8392,69.7219,0,0.0,0,31.3,70,68,1008,0.93,1.9,False
FloodEvent_9,Bharuch,21.7051,72.9959,5,10.0,302,35.9,100,88,1002,2.16,2.96,True
FloodEvent_10,Porbandar,21.6417,69.6293,13,10.0,399,27.2,73,116,1015,3.2,4.73,True
FloodEvent_11,Porbandar,21.6417,69.6293,16,10.0,356,34.6,89,18,993,1.92,4.85,True
FloodEvent_12,Porbandar,21.6417,69.6293,0,0.0,0,28.3,68,65,1000,0.41,0.28,False
FloodEvent_13,Mundra,22.8392,69.7219,18,10.0,199,25.8,70,101,1006,2.77,1.79,True
FloodEvent_14,Diu,20.7194,70.9904,14,10.0,387,34.3,60,87,1008,1.84,5.48,True
FloodEvent_15,Veraval,20.9077,70.3629,0,0.0,0,25.3,87,20,999,0.11,2.92,False
FloodEvent_16,Bhavnagar,21.7645,72.1519,19,10.0,289,30.1,66,111,1005,2.4,4.38,True
FloodEvent_17,Veraval,20.9077,70.3629,15,10.0,289,33.2,94,99,1014,3.09,1.5,True
FloodEvent_18,Bharuch,21.7051,72.9959,17,10.0,341,26.9,75,112,1003,4.34,1.89,True
FloodEvent_19,Diu,20.7194,70.9904,13,10.0,355,33.2,68,84,1000,4.34,2.24,True
FloodEvent_20,Surat,21.1702,72.8311,17,10.0,315,32.6,85,85,1005,2.62,5.55,True
FloodEvent_21,Surat,21.1702,72.8311,0,0.0,0,24.8,61,75,1002,0.88,0.96,False
FloodEvent_22,Surat,21.1702,72.8311,12,10.0,198,24.8,62,110,995,1.71,2.57,True
FloodEvent_23,Bhavnagar,21.7645,72.1519,11,10.0,148,32.7,96,73,1000,0.93,1.94,True
FloodEvent_24,Porbandar,21.6417,69.6293,16,10.0,317,29.6,63,86,1005,4.45,1.94,True
FloodEvent_25,Mundra,22.8392,69.7219,0,0.0,0,27.0,72,68,999,0.58,0.82,False
FloodEvent_26,Mundra,22.8392,69.7219,10,10.0,376,29.3,95,12,986,3.46,3.93,True
FloodEvent_27,Surat,21.1702,72.8311,16,10.0,367,26.0,91,61,991,4.09,5.56,True
FloodEvent_28,Okha,22.4671,69.0702,13,10.0,324,27.4,95,84,1007,2.96,2.35,True
FloodEvent_29,Ghogha,21.6864,72.2763,12,10.0,226,32.8,63,95,995,1.67,4.13,True
FloodEvent_30,Diu,20.7194,70.9904,0,0.0,0,25.0,71,8,1004,0.33,3.46,False
FloodEvent_31,Porbandar,21.6417,69.6293,0,0.0,0,25.4,96,31,1003,2.12,2.52,False
FloodEvent_32,Diu,20.7194,70.9904,5,6.18,107,27.8,76,26,1006,2.54,1.03,True
FloodEvent_33,Bharuch,21.7051,72.9959,0,0.0,0,29.5,64,1,999,2.21,2.3,False
FloodEvent_34,Diu,20.7194,70.9904,12,10.0,329,27.2,82,112,987,4.14,3.16,True
FloodEvent_35,Diu,20.7194,70.9904,11,10.0,421,32.4,99,103,1005,3.09,4.51,True
FloodEvent_36,Bhavnagar,21.7645,72.1519,8,10.0,280,27.2,66,95,1002,1.97,2.77,True
FloodEvent_37,Surat,21.1702,72.8311,4,6.93,165,32.2,76,64,1000,0.95,3.64,True
FloodEvent_38,Veraval,20.9077,70.3629,16,10.0,324,33.3,100,33,990,3.72,3.98,True
FloodEvent_39,Mundra,22.8392,69.7219,12,10.0,336,24.9,69,69,986,4.0,4.12,True
FloodEvent_40,Kandla,23.0333,70.2167,11,10.0,329,27.7,62,115,996,2.13,2.62,True
FloodEvent_41,Bhavnagar,21.7645,72.1519,16,10.0,354,35.1,75,110,990,4.43,5.15,True
FloodEvent_42,Veraval,20.9077,70.3629,11,10.0,393,33.4,86,102,1006,4.09,5.15,True
FloodEvent_43,Kandla,23.0333,70.2167,3,6.35,158,34.3,74,25,1011,3.22,1.46,True
FloodEvent_44,Surat,21.1702,72.8311,18,10.0,304,28.8,77,110,987,4.4,2.76,True
FloodEvent_45,Kandla,23.0333,70.2167,0,0.0,0,25.4,76,22,1003,3.37,1.14,False
FloodEvent_46,Mundra,22.8392,69.7219,19,10.0,272,31.2,82,93,1010,2.44,4.23,True
FloodEvent_47,Kandla,23.0333,70.2167,0,0.0,0,32.5,60,66,1014,2.84,2.78,False
FloodEvent_48,Surat,21.1702,72.8311,4,8.61,264,28.4,64,85,1014,2.49,2.91,True
FloodEvent_49,Porbandar,21.6417,69.6293,16,10.0,331,27.9,78,70,989,2.08,4.49,True
FloodEvent_50,Bhavnagar,21.7645,72.1519,6,8.4,214,31.4,79,51,1002,2.93,1.29,True
FloodEvent_51,Okha,22.4671,69.0702,7,10.0,321,29.3,73,65,1000,2.8,3.84,True
FloodEvent_52,Bharuch,21.7051,72.9959,13,10.0,180,30.2,100,79,995,0.42,3.81,True
FloodEvent_53,Kandla,23.0333,70.2167,20,10.0,235,26.9,90,78,1012,2.71,1.88,True
FloodEvent_54,Porbandar,21.6417,69.6293,5,8.99,219,29.9,75,18,1005,2.44,3.58,True
FloodEvent_55,Diu,20.7194,70.9904,12,10.0,234,29.6,95,31,1014,2.98,1.88,True
FloodEvent_56,Diu,20.7194,70.9904,12,10.0,263,31.1,88,78,1011,2.55,2.07,True
FloodEvent_57,Okha,22.4671,69.0702,17,10.0,374,29.4,75,107,1005,2.33,5.0,True
FloodEvent_58,Bharuch,21.7051,72.9959,16,10.0,370,29.3,78,30,993,2.51,5.52,True
FloodEvent_59,Surat,21.1702,72.8311,0,0.0,0,24.8,86,42,1002,1.68,0.34,False
FloodEvent_60,Porbandar,21.6417,69.6293,16,10.0,391,28.7,97,89,985,4.07,4.95,True
FloodEvent_61,Veraval,20.9077,70.3629,19,10.0,412,27.6,84,109,1013,4.36,3.39,True
FloodEvent_62,Okha,22.4671,69.0702,16,10.0,352,26.6,87,62,985,2.67,4.51,True
FloodEvent_63,Okha,22.4671,69.0702,20,10.0,283,35.0,99,68,985,4.22,4.16,True
FloodEvent_64,Porbandar,21.6417,69.6293,11,10.0,198,25.6,89,23,986,2.28,2.97,True
FloodEvent_65,Porbandar,21.6417,69.6293,15,10.0,197,27.0,65,60,985,3.75,1.73,True
FloodEvent_66,Mundra,22.8392,69.7219,12,10.0,301,33.4,62,96,985,4.35,2.4,True
FloodEvent_67,Mundra,22.8392,69.7219,0,0.0,0,30.8,73,59,1007,0.97,1.54,False
FloodEvent_68,Ghogha,21.6864,72.2763,0,0.0,0,31.3,67,99,1011,1.99,2.9,False
FloodEvent_69,Ghogha,21.6864,72.2763,0,0.0,0,32.1,84,50,1015,2.53,0.4,False
FloodEvent_70,Surat,21.1702,72.8311,15,10.0,271,25.2,79,108,1006,3.3,2.04,True
FloodEvent_71,Veraval,20.9077,70.3629,0,0.0,0,24.8,81,1,1012,1.53,2.01,False
FloodEvent_72,Porbandar,21.6417,69.6293,20,10.0,228,35.5,100,114,1011,2.88,2.19,True
FloodEvent_73,Diu,20.7194,70.9904,8,9.37,227,33.3,89,55,1011,2.59,1.15,True
FloodEvent_74,Mundra,22.8392,69.7219,0,0.0,0,27.3,88,31,1009,1.68,2.48,False
FloodEvent_75,Veraval,20.9077,70.3629,0,0.0,0,26.2,73,45,1010,0.98,1.19,False
FloodEvent_76,Ghogha,21.6864,72.2763,18,10.0,288,32.4,77,71,985,3.05,2.36,True
FloodEvent_77,Okha,22.4671,69.0702,0,0.0,0,31.8,91,57,1010,0.16,1.25,False
FloodEvent_78,Porbandar,21.6417,69.6293,18,10.0,283,32.3,79,84,1003,2.61,3.99,True
FloodEvent_79,Okha,22.4671,69.0702,18,10.0,339,27.3,76,29,988,3.66,2.92,True
FloodEvent_80,Bhavnagar,21.7645,72.1519,0,0.0,0,26.3,90,35,1008,2.1,3.06,False
FloodEvent_81,Surat,21.1702,72.8311,9,10.0,179,27.6,83,22,994,1.54,3.9,True
FloodEvent_82,Kandla,23.0333,70.2167,17,10.0,251,30.6,68,81,1012,3.76,1.96,True
FloodEvent_83,Bhavnagar,21.7645,72.1519,16,10.0,387,35.6,76,120,1012,2.93,5.2,True
FloodEvent_84,Ghogha,21.6864,72.2763,11,10.0,467,31.6,63,19,989,3.93,5.77,True
FloodEvent_85,Mundra,22.8392,69.7219,17,10.0,159,30.7,86,77,1004,2.79,0.98,True
FloodEvent_86,Ghogha,21.6864,72.2763,6,9.3,293,35.9,79,72,1004,0.3,3.84,True
FloodEvent_87,Surat,21.1702,72.8311,17,10.0,250,31.5,76,84,987,1.97,2.28,True
FloodEvent_88,Okha,22.4671,69.0702,2,6.71,242,27.5,74,36,1007,1.06,3.45,True
FloodEvent_89,Bharuch,21.7051,72.9959,12,10.0,246,33.5,100,75,1006,2.83,0.87,True
FloodEvent_90,Bhavnagar,21.7645,72.1519,14,10.0,379,24.9,70,101,994,3.29,5.21,True
FloodEvent_91,Okha,22.4671,69.0702,16,10.0,366,32.3,85,120,993,3.0,3.72,True
FloodEvent_92,Ghogha,21.6864,72.2763,6,10.0,322,27.0,65,29,1015,2.39,3.46,True
FloodEvent_93,Bharuch,21.7051,72.9959,7,10.0,320,30.9,71,60,1001,2.32,3.67,True
FloodEvent_94,Mundra,22.8392,69.7219,10,10.0,242,29.6,86,42,995,2.38,3.45,True
FloodEvent_95,Okha,22.4671,69.0702,16,10.0,374,27.5,85,104,1009,3.15,3.55,True
FloodEvent_96,Kandla,23.0333,70.2167,0,0.0,0,31.9,94,59,998,0.28,2.12,False
FloodEvent_97,Ghogha,21.6864,72.2763,0,0.0,0,33.1,100,56,1009,0.28,1.14,False
FloodEvent_98,Okha,22.4671,69.0702,6,5.88,50,25.5,100,77,1010,0.91,0.72,True
FloodEvent_99,Porbandar,21.6417,69.6293,0,0.0,0,25.1,67,59,1015,0.5,3.35,False
FloodEvent_100,Diu,20.7194,70.9904,18,10.0,268,32.5,86,106,1000,4.44,2.6,True
FloodEvent_101,Surat,21.1702,72.8311,10,10.0,272,35.1,92,95,1013,1.91,1.81,True
FloodEvent_102,Diu,20.7194,70.9904,0,0.0,0,27.2,60,36,1008,1.12,2.39,False
FloodEvent_103,Okha,22.4671,69.0702,0,0.0,0,34.4,88,68,1000,1.27,2.25,False
FloodEvent_104,Veraval,20.9077,70.3629,5,7.42,189,34.4,75,73,997,0.89,3.12,True
FloodEvent_105,Okha,22.4671,69.0702,3,7.79,240,32.5,84,49,1006,2.79,2.64,True
FloodEvent_106,Ghogha,21.6864,72.2763,17,10.0,254,28.0,66,111,1012,2.82,3.87,True
FloodEvent_107,Bhavnagar,21.7645,72.1519,0,0.0,0,28.9,69,9,1000,2.76,1.13,False
FloodEvent_108,Mundra,22.8392,69.7219,0,0.0,0,34.2,94,48,1015,1.18,2.9,False
FloodEvent_109,Okha,22.4671,69.0702,11,10.0,307,34.5,62,79,987,2.2,4.58,True
FloodEvent_110,Mundra,22.8392,69.7219,10,10.0,358,33.1,66,56,990,3.58,5.57,True
FloodEvent_111,Kandla,23.0333,70.2167,12,10.0,191,27.5,83,55,989,2.23,3.35,True
FloodEvent_112,Porbandar,21.6417,69.6293,0,0.0,0,31.4,75,63,1014,2.08,1.01,False
FloodEvent_113,Bharuch,21.7051,72.9959,15,10.0,361,29.5,60,115,1010,2.9,2.79,True
FloodEvent_114,Bharuch,21.7051,72.9959,16,10.0,327,31.7,87,88,993,2.87,2.86,True
FloodEvent_115,Mundra,22.8392,69.7219,5,8.03,160,26.8,96,45,1003,1.11,2.83,True
FloodEvent_116,Ghogha,21.6864,72.2763,14,10.0,454,34.4,63,116,1004,3.74,5.25,True
FloodEvent_117,Surat,21.1702,72.8311,0,0.0,0,31.3,82,28,1005,0.75,1.08,False
FloodEvent_118,Bhavnagar,21.7645,72.1519,19,10.0,262,31.5,100,82,986,2.43,3.48,True
FloodEvent_119,Bhavnagar,21.7645,72.1519,0,0.0,0,25.1,78,41,1008,1.51,0.88,False
FloodEvent_120,Veraval,20.9077,70.3629,17,10.0,431,30.4,77,106,990,2.27,5.21,True
FloodEvent_121,Bharuch,21.7051,72.9959,20,10.0,276,33.0,81,102,988,2.9,1.84,True
FloodEvent_122,Porbandar,21.6417,69.6293,18,10.0,170,35.6,95,46,987,3.87,1.56,True
FloodEvent_123,Veraval,20.9077,70.3629,10,10.0,321,32.1,76,74,997,2.9,3.77,True
FloodEvent_124,Diu,20.7194,70.9904,9,10.0,209,27.9,99,28,1005,0.31,3.31,True
FloodEvent_125,Mundra,22.8392,69.7219,0,0.0,0,25.7,62,38,1000,0.49,1.02,False
FloodEvent_126,Veraval,20.9077,70.3629,11,10.0,182,32.0,94,53,1003,2.62,0.7,True
FloodEvent_127,Okha,22.4671,69.0702,0,0.0,0,31.4,77,4,1007,1.36,1.83,False
FloodEvent_128,Mundra,22.8392,69.7219,0,0.0,0,35.8,83,69,1013,3.42,1.5,False
FloodEvent_129,Porbandar,21.6417,69.6293,10,10.0,283,27.3,67,108,1011,2.86,4.48,True
FloodEvent_130,Veraval,20.9077,70.3629,18,10.0,309,26.9,68,100,1003,2.12,5.23,True
FloodEvent_131,Surat,21.1702,72.8311,3,7.55,281,33.8,74,42,1009,0.6,3.61,True
FloodEvent_132,Diu,20.7194,70.9904,0,0.0,0,27.0,71,14,1006,3.05,0.61,False
FloodEvent_133,Veraval,20.9077,70.3629,0,0.0,0,33.5,75,75,995,0.15,1.13,False
FloodEvent_134,Mundra,22.8392,69.7219,0,0.0,0,32.9,90,57,1009,1.33,2.42,False
FloodEvent_135,Okha,22.4671,69.0702,10,10.0,201,30.0,99,5,1008,2.76,3.48,True
FloodEvent_136,Okha,22.4671,69.0702,11,10.0,445,34.2,87,87,988,2.97,5.59,True
FloodEvent_137,Veraval,20.9077,70.3629,19,10.0,315,31.3,64,16,993,3.37,4.13,True
FloodEvent_138,Okha,22.4671,69.0702,8,10.0,246,30.1,87,12,1010,2.49,3.43,True
FloodEvent_139,Surat,21.1702,72.8311,7,8.7,209,29.0,89,51,998,2.58,1.32,True
FloodEvent_140,Okha,22.4671,69.0702,0,0.0,0,24.8,65,11,998,0.43,2.98,False
FloodEvent_141,Bhavnagar,21.7645,72.1519,11,10.0,178,30.7,97,71,1002,1.22,0.58,True
FloodEvent_142,Kandla,23.0333,70.2167,0,0.0,0,35.6,98,39,996,0.45,2.08,False
FloodEvent_143,Bhavnagar,21.7645,72.1519,13,10.0,368,31.9,74,108,988,2.55,4.0,True
FloodEvent_144,Diu,20.7194,70.9904,9,8.32,73,35.7,99,78,1006,2.29,0.2,True
FloodEvent_145,Bharuch,21.7051,72.9959,11,10.0,206,32.4,79,117,995,2.55,2.32,True
FloodEvent_146,Kandla,23.0333,70.2167,4,6.4,119,25.1,93,27,997,1.53,1.43,True
FloodEvent_147,Veraval,20.9077,70.3629,11,10.0,244,33.3,96,76,987,4.15,2.2,True
FloodEvent_148,Porbandar,21.6417,69.6293,15,10.0,259,29.8,88,53,993,2.15,3.81,True
FloodEvent_149,Bharuch,21.7051,72.9959,0,0.0,0,32.1,97,62,1001,2.37,0.28,False
FloodEvent_150,Kandla,23.0333,70.2167,11,10.0,231,26.5,73,98,989,3.79,2.8,True
FloodEvent_151,Porbandar,21.6417,69.6293,0,0.0,0,26.1,84,68,1007,0.88,2.28,False
FloodEvent_152,Porbandar,21.6417,69.6293,15,10.0,225,34.3,62,55,985,2.88,1.85,True
FloodEvent_153,Ghogha,21.6864,72.2763,12,10.0,221,28.9,100,53,994,1.85,1.59,True
FloodEvent_154,Veraval,20.9077,70.3629,0,0.0,0,25.1,66,31,998,2.1,2.14,False
FloodEvent_155,Porbandar,21.6417,69.6293,0,0.0,0,34.4,81,28,995,2.75,0.4,False
FloodEvent_156,Surat,21.1702,72.8311,0,0.0,0,34.9,82,44,1008,3.36,2.62,False
FloodEvent_157,Bhavnagar,21.7645,72.1519,7,9.0,192,26.8,69,32,991,2.02,2.19,True
FloodEvent_158,Ghogha,21.6864,72.2763,19,10.0,346,33.1,88,87,1014,4.15,4.39,True
FloodEvent_159,Veraval,20.9077,70.3629,0,0.0,0,25.8,64,60,999,2.25,3.21,False
FloodEvent_160,Mundra,22.8392,69.7219,20,10.0,289,27.7,88,4,986,2.61,2.79,True
FloodEvent_161,Mundra,22.8392,69.7219,8,10.0,238,31.4,92,49,999,2.07,3.82,True
FloodEvent_162,Okha,22.4671,69.0702,11,10.0,384,30.0,63,57,988,3.93,5.27,True
FloodEvent_163,Bhavnagar,21.7645,72.1519,0,0.0,0,24.5,88,56,1001,1.88,0.72,False
FloodEvent_164,Veraval,20.9077,70.3629,0,0.0,0,35.0,84,52,1009,1.25,2.43,False
FloodEvent_165,Mundra,22.8392,69.7219,20,10.0,403,28.0,95,86,997,2.35,4.76,True
FloodEvent_166,Ghogha,21.6864,72.2763,0,0.0,0,34.5,81,10,1003,2.36,3.68,False
FloodEvent_167,Porbandar,21.6417,69.6293,3,7.26,239,25.5,65,39,1002,1.38,3.19,True
FloodEvent_168,Diu,20.7194,70.9904,0,0.0,0,25.1,87,65,996,0.16,1.3,False
FloodEvent_169,Okha,22.4671,69.0702,18,10.0,359,26.3,68,19,987,2.39,5.05,True
FloodEvent_170,Diu,20.7194,70.9904,19,10.0,402,24.5,81,112,1009,3.35,4.19,True
FloodEvent_171,Bhavnagar,21.7645,72.1519,0,0.0,0,32.7,62,52,996,2.4,1.03,False
FloodEvent_172,Okha,22.4671,69.0702,8,9.75,207,31.3,88,29,1002,0.91,3.87,True
FloodEvent_173,Ghogha,21.6864,72.2763,16,10.0,415,35.8,89,98,994,3.83,3.76,True
FloodEvent_174,Surat,21.1702,72.8311,18,10.0,336,33.6,68,111,993,1.66,3.66,True
FloodEvent_175,Bharuch,21.7051,72.9959,5,6.32,105,25.0,70,34,999,3.18,0.67,True
FloodEvent_176,Surat,21.1702,72.8311,11,10.0,287,33.8,82,119,985,2.74,3.28,True
FloodEvent_177,Kandla,23.0333,70.2167,12,10.0,321,27.8,66,107,1007,3.45,5.06,True
FloodEvent_178,Okha,22.4671,69.0702,13,10.0,387,32.4,68,97,1007,2.91,4.27,True
FloodEvent_179,Diu,20.7194,70.9904,0,0.0,0,35.3,98,67,998,0.48,1.22,False
FloodEvent_180,Bharuch,21.7051,72.9959,6,8.71,217,25.5,75,53,1005,2.8,1.88,True
FloodEvent_181,Diu,20.7194,70.9904,0,0.0,0,30.9,69,37,998,0.11,1.48,False
FloodEvent_182,Ghogha,21.6864,72.2763,0,0.0,0,29.0,65,67,996,0.33,2.15,False
FloodEvent_183,Diu,20.7194,70.9904,0,0.0,0,24.2,90,5,1005,1.42,1.56,False
FloodEvent_184,Kandla,23.0333,70.2167,15,10.0,276,28.3,64,44,992,3.7,4.33,True
FloodEvent_185,Veraval,20.9077,70.3629,17,10.0,447,30.6,71,106,1009,3.55,5.91,True
FloodEvent_186,Bhavnagar,21.7645,72.1519,14,10.0,312,24.8,89,4,994,2.1,5.06,True
FloodEvent_187,Diu,20.7194,70.9904,10,10.0,319,29.7,62,96,1005,2.07,3.11,True
FloodEvent_188,Veraval,20.9077,70.3629,0,0.0,0,27.3,83,55,1013,1.46,1.81,False
FloodEvent_189,Bhavnagar,21.7645,72.1519,6,9.23,213,30.0,91,47,1014,2.81,1.14,True
FloodEvent_190,Mundra,22.8392,69.7219,0,0.0,0,29.2,71,69,994,2.46,1.86,False
FloodEvent_191,Ghogha,21.6864,72.2763,10,10.0,235,32.6,70,88,999,2.55,1.69,True
FloodEvent_192,Porbandar,21.6417,69.6293,0,0.0,0,27.3,63,9,1006,2.27,1.52,False
FloodEvent_193,Kandla,23.0333,70.2167,13,10.0,281,25.7,98,86,1010,2.81,2.07,True
FloodEvent_194,Veraval,20.9077,70.3629,0,0.0,0,28.3,96,4,1004,0.62,1.85,False
FloodEvent_195,Mundra,22.8392,69.7219,2,4.24,60,30.9,93,46,997,1.17,1.19,True
FloodEvent_196,Bhavnagar,21.7645,72.1519,19,10.0,313,30.0,84,116,1002,1.85,4.99,True
FloodEvent_197,Okha,22.4671,69.0702,17,10.0,468,26.4,68,109,987,2.86,5.54,True
FloodEvent_198,Veraval,20.9077,70.3629,0,0.0,0,32.0,64,70,1002,1.09,1.27,False
FloodEvent_199,Bhavnagar,21.7645,72.1519,13,10.0,424,33.5,92,28,988,4.46,5.06,True
FloodEvent_200,Kandla,23.0333,70.2167,6,9.24,158,28.3,96,47,999,2.83,2.25,True
FloodEvent_201,Porbandar,21.6417,69.6293,20,10.0,211,36.0,90,67,998,2.72,3.31,True
FloodEvent_202,Okha,22.4671,69.0702,6,8.49,174,32.2,82,16,1013,2.92,2.25,True
FloodEvent_203,Bhavnagar,21.7645,72.1519,13,10.0,267,29.2,63,106,988,3.05,2.87,True
FloodEvent_204,Diu,20.7194,70.9904,12,10.0,325,34.7,65,32,991,3.41,3.98,True
FloodEvent_205,Ghogha,21.6864,72.2763,19,10.0,308,30.4,92,82,990,3.28,4.11,True
FloodEvent_206,Ghogha,21.6864,72.2763,14,10.0,396,24.5,61,10,986,4.35,4.97,True
FloodEvent_207,Ghogha,21.6864,72.2763,9,10.0,225,29.0,100,3,1000,3.12,2.23,True
FloodEvent_208,Porbandar,21.6417,69.6293,12,10.0,239,27.6,64,88,986,1.97,3.37,True
FloodEvent_209,Veraval,20.9077,70.3629,11,10.0,290,32.8,82,51,989,3.78,3.82,True
FloodEvent_210,Okha,22.4671,69.0702,8,10.0,280,25.5,88,31,989,1.79,2.81,True
FloodEvent_211,Bhavnagar,21.7645,72.1519,12,10.0,226,33.8,96,92,995,2.07,2.22,True
FloodEvent_212,Bharuch,21.7051,72.9959,10,10.0,384,30.0,65,120,997,3.02,5.85,True
FloodEvent_213,Ghogha,21.6864,72.2763,0,0.0,0,34.6,90,36,1002,0.13,0.52,False
FloodEvent_214,Bhavnagar,21.7645,72.1519,18,10.0,257,34.6,83,97,997,2.6,3.3,True
FloodEvent_215,Porbandar,21.6417,69.6293,6,10.0,203,30.1,95,35,1011,3.46,2.75,True
FloodEvent_216,Mundra,22.8392,69.7219,0,0.0,0,28.7,81,71,1015,1.34,0.66,False
FloodEvent_217,Kandla,23.0333,70.2167,12,10.0,362,24.5,68,91,995,3.91,3.84,True
FloodEvent_218,Diu,20.7194,70.9904,18,10.0,345,25.7,99,40,990,2.68,4.27,True
FloodEvent_219,Diu,20.7194,70.9904,6,10.0,264,29.9,96,38,1000,2.87,1.54,True
FloodEvent_220,Ghogha,21.6864,72.2763,8,10.0,284,27.7,100,3,1004,1.71,3.87,True
FloodEvent_221,Ghogha,21.6864,72.2763,12,10.0,318,29.8,93,80,1008,2.21,3.38,True
FloodEvent_222,Surat,21.1702,72.8311,18,10.0,306,24.4,67,24,985,2.82,3.38,True
FloodEvent_223,Okha,22.4671,69.0702,20,10.0,324,34.5,63,90,989,3.06,4.02,True
FloodEvent_224,Porbandar,21.6417,69.6293,0,0.0,0,27.8,71,58,1014,1.91,2.23,False
FloodEvent_225,Bharuch,21.7051,72.9959,9,10.0,281,31.3,72,31,993,3.17,2.51,True
FloodEvent_226,Surat,21.1702,72.8311,6,10.0,244,32.3,91,40,1000,1.29,3.74,True
FloodEvent_227,Diu,20.7194,70.9904,14,10.0,350,28.6,85,104,996,4.36,5.12,True
FloodEvent_228,Mundra,22.8392,69.7219,18,10.0,310,28.2,88,83,993,3.74,2.46,True
FloodEvent_229,Bhavnagar,21.7645,72.1519,13,10.0,337,25.3,97,30,992,1.65,5.57,True
FloodEvent_230,Kandla,23.0333,70.2167,12,10.0,314,25.2,81,91,1000,1.8,4.97,True
FloodEvent_231,Okha,22.4671,69.0702,5,9.69,321,29.7,72,96,1015,2.36,2.78,True
FloodEvent_232,Mundra,22.8392,69.7219,7,10.0,353,31.8,74,68,1008,2.56,3.75,True
FloodEvent_233,Kandla,23.0333,70.2167,14,10.0,394,36.0,85,100,1000,2.06,4.87,True
FloodEvent_234,Kandla,23.0333,70.2167,12,10.0,254,27.6,98,13,1014,3.44,1.21,True
FloodEvent_235,Bhavnagar,21.7645,72.1519,17,10.0,304,34.2,89,34,991,3.93,2.99,True
FloodEvent_236,Bhavnagar,21.7645,72.1519,16,10.0,423,24.2,81,101,994,3.2,4.91,True
FloodEvent_237,Diu,20.7194,70.9904,15,10.0,284,27.9,85,85,988,2.05,2.13,True
FloodEvent_238,Kandla,23.0333,70.2167,0,0.0,0,27.1,75,57,1009,1.01,1.39,False
FloodEvent_239,Bharuch,21.7051,72.9959,0,0.0,0,31.8,75,7,1006,0.5,1.3,False
FloodEvent_240,Porbandar,21.6417,69.6293,12,10.0,402,32.2,79,88,988,3.42,5.73,True
FloodEvent_241,Okha,22.4671,69.0702,8,10.0,309,33.0,98,47,998,2.49,3.66,True
FloodEvent_242,Ghogha,21.6864,72.2763,0,0.0,0,34.5,65,67,999,1.9,1.51,False
FloodEvent_243,Diu,20.7194,70.9904,0,0.0,0,34.8,72,73,1002,0.61,1.38,False
FloodEvent_244,Diu,20.7194,70.9904,12,10.0,388,29.3,73,91,1003,2.97,5.55,True
FloodEvent_245,Okha,22.4671,69.0702,11,10.0,221,30.8,95,59,1006,2.84,2.92,True
FloodEvent_246,Kandla,23.0333,70.2167,11,10.0,387,32.9,97,9,986,2.77,4.65,True
FloodEvent_247,Okha,22.4671,69.0702,0,0.0,0,24.4,86,23,1009,0.56,2.6,False
FloodEvent_248,Porbandar,21.6417,69.6293,6,8.08,159,28.5,84,57,1012,3.22,1.57,True
FloodEvent_249,Veraval,20.9077,70.3629,5,9.56,262,25.4,94,50,1001,0.53,3.92,True
FloodEvent_250,Bharuch,21.7051,72.9959,0,0.0,0,29.6,94,54,1002,1.39,1.0,False
FloodEvent_251,Surat,21.1702,72.8311,0,0.0,0,35.2,67,4,1010,2.34,2.5,False
FloodEvent_252,Kandla,23.0333,70.2167,0,0.0,0,26.9,64,12,1004,0.21,2.43,False
FloodEvent_253,Kandla,23.0333,70.2167,12,10.0,375,28.8,74,69,991,3.76,4.99,True
FloodEvent_254,Bharuch,21.7051,72.9959,0,0.0,0,26.8,96,40,1003,2.13,2.72,False
FloodEvent_255,Bhavnagar,21.7645,72.1519,0,0.0,0,35.8,93,28,998,1.12,0.34,False
FloodEvent_256,Ghogha,21.6864,72.2763,7,8.13,178,34.6,71,80,1006,1.55,2.03,True
FloodEvent_257,Diu,20.7194,70.9904,12,10.0,178,27.8,86,52,989,2.4,2.33,True
FloodEvent_258,Surat,21.1702,72.8311,12,10.0,354,27.6,69,103,999,4.24,4.03,True
FloodEvent_259,Bharuch,21.7051,72.9959,13,10.0,222,26.4,65,118,999,4.04,1.92,True
FloodEvent_260,Porbandar,21.6417,69.6293,8,9.74,182,32.1,98,5,1012,0.35,3.24,True
FloodEvent_261,Veraval,20.9077,70.3629,0,0.0,0,27.6,60,27,1014,0.75,2.99,False
FloodEvent_262,Okha,22.4671,69.0702,17,10.0,263,35.0,98,90,991,2.69,2.58,True
FloodEvent_263,Veraval,20.9077,70.3629,0,0.0,0,27.7,83,65,1013,1.79,0.48,False
FloodEvent_264,Okha,22.4671,69.0702,12,10.0,231,33.1,80,117,991,2.61,3.36,True
FloodEvent_265,Diu,20.7194,70.9904,8,10.0,225,35.2,97,92,998,2.39,2.38,True
FloodEvent_266,Surat,21.1702,72.8311,7,10.0,321,30.0,81,32,1009,2.89,3.87,True
FloodEvent_267,Veraval,20.9077,70.3629,20,10.0,411,26.0,94,62,990,4.25,3.94,True
FloodEvent_268,Diu,20.7194,70.9904,13,10.0,330,24.4,64,120,1011,3.5,4.94,True
FloodEvent_269,Bhavnagar,21.7645,72.1519,0,0.0,0,24.1,92,58,996,0.31,2.59,False
FloodEvent_270,Ghogha,21.6864,72.2763,18,10.0,343,35.0,91,2,985,3.1,3.35,True
FloodEvent_271,Kandla,23.0333,70.2167,11,10.0,292,30.0,87,103,1015,4.23,1.98,True
FloodEvent_272,Surat,21.1702,72.8311,12,10.0,222,26.3,93,32,1011,1.31,3.2,True
FloodEvent_273,Surat,21.1702,72.8311,11,10.0,221,27.6,65,83,1012,3.45,1.64,True
FloodEvent_274,Diu,20.7194,70.9904,0,0.0,0,29.7,100,1,1007,0.68,2.05,False
FloodEvent_275,Ghogha,21.6864,72.2763,19,10.0,314,35.7,66,114,1001,4.26,2.53,True
FloodEvent_276,Kandla,23.0333,70.2167,13,10.0,264,35.1,77,115,1002,3.19,1.65,True
FloodEvent_277,Porbandar,21.6417,69.6293,0,0.0,0,35.1,79,20,1003,0.92,3.36,False
FloodEvent_278,Porbandar,21.6417,69.6293,10,9.51,85,32.1,94,42,997,2.67,0.65,True
FloodEvent_279,Porbandar,21.6417,69.6293,11,10.0,351,26.8,64,43,1004,2.71,3.82,True
FloodEvent_280,Veraval,20.9077,70.3629,20,10.0,306,24.4,77,100,999,2.97,3.1,True
FloodEvent_281,Porbandar,21.6417,69.6293,0,0.0,0,25.0,99,37,1010,0.94,0.39,False
FloodEvent_282,Bharuch,21.7051,72.9959,5,7.02,126,25.9,100,19,1008,1.42,1.51,True
FloodEvent_283,Bharuch,21.7051,72.9959,0,0.0,0,25.2,65,23,998,1.63,2.26,False
FloodEvent_284,Porbandar,21.6417,69.6293,0,0.0,0,25.2,65,45,1002,0.42,2.43,False
FloodEvent_285,Bharuch,21.7051,72.9959,13,10.0,421,29.0,65,92,1013,3.18,5.97,True
FloodEvent_286,Bhavnagar,21.7645,72.1519,11,10.0,235,32.2,70,17,993,2.4,3.72,True
FloodEvent_287,Mundra,22.8392,69.7219,17,10.0,278,28.3,75,92,1005,2.99,4.28,True
FloodEvent_288,Bharuch,21.7051,72.9959,0,0.0,0,24.1,85,42,1011,2.21,3.24,False
FloodEvent_289,Ghogha,21.6864,72.2763,3,7.78,289,25.6,80,77,1015,2.46,1.97,True
FloodEvent_290,Veraval,20.9077,70.3629,0,0.0,0,27.5,100,62,1015,2.06,1.05,False
FloodEvent_291,Porbandar,21.6417,69.6293,5,9.31,249,28.4,96,25,1003,3.49,0.8,True
FloodEvent_292,Okha,22.4671,69.0702,0,0.0,0,35.3,73,56,1010,1.09,2.8,False
FloodEvent_293,Porbandar,21.6417,69.6293,16,10.0,358,32.1,68,81,994,2.23,4.46,True
FloodEvent_294,Mundra,22.8392,69.7219,6,7.8,115,29.4,98,61,1003,1.46,2.08,True
FloodEvent_295,Veraval,20.9077,70.3629,13,10.0,207,32.4,94,76,1005,3.21,0.53,True
FloodEvent_296,Veraval,20.9077,70.3629,11,10.0,198,26.0,99,5,1003,3.44,2.74,True
FloodEvent_297,Mundra,22.8392,69.7219,13,10.0,348,27.1,92,95,1001,3.17,4.59,True
FloodEvent_298,Porbandar,21.6417,69.6293,11,10.0,314,29.6,97,88,1001,1.95,5.99,True
FloodEvent_299,Bhavnagar,21.7645,72.1519,0,0.0,0,28.2,81,58,1010,0.8,1.98,False
FloodEvent_300,Okha,22.4671,69.0702,20,10.0,264,25.2,88,40,987,2.4,5.15,True
FloodEvent_301,Bhavnagar,21.7645,72.1519,11,10.0,343,35.2,75,66,990,3.16,2.99,True
FloodEvent_302,Surat,21.1702,72.8311,13,10.0,277,33.6,100,23,990,3.42,3.44,True
FloodEvent_303,Porbandar,21.6417,69.6293,11,10.0,375,28.7,73,26,993,3.76,5.14,True
FloodEvent_304,Diu,20.7194,70.9904,0,0.0,0,26.2,80,25,999,0.49,2.72,False
FloodEvent_305,Veraval,20.9077,70.3629,0,0.0,0,31.2,99,50,1003,0.49,1.47,False
FloodEvent_306,Okha,22.4671,69.0702,11,10.0,322,31.4,79,117,1004,3.27,4.52,True
FloodEvent_307,Bhavnagar,21.7645,72.1519,17,10.0,319,30.1,86,76,989,3.22,3.4,True
FloodEvent_308,Bhavnagar,21.7645,72.1519,10,10.0,316,30.7,91,36,989,2.06,5.29,True
FloodEvent_309,Surat,21.1702,72.8311,0,0.0,0,33.8,95,64,1005,1.78,2.77,False
FloodEvent_310,Porbandar,21.6417,69.6293,9,9.0,135,32.5,88,62,990,1.75,1.64,True
FloodEvent_311,Bharuch,21.7051,72.9959,18,10.0,169,26.0,89,72,1008,2.73,2.03,True
FloodEvent_312,Mundra,22.8392,69.7219,13,10.0,447,27.2,94,105,996,3.13,4.91,True
FloodEvent_313,Mundra,22.8392,69.7219,0,0.0,0,32.8,75,38,1012,3.5,1.85,False
FloodEvent_314,Veraval,20.9077,70.3629,10,10.0,337,34.3,65,56,1012,3.48,3.12,True
FloodEvent_315,Ghogha,21.6864,72.2763,10,10.0,400,31.6,70,78,989,3.85,5.16,True
FloodEvent_316,Diu,20.7194,70.9904,9,10.0,265,27.4,94,21,995,3.43,1.24,True
FloodEvent_317,Diu,20.7194,70.9904,7,8.1,136,35.8,66,17,1015,2.65,1.71,True
FloodEvent_318,Bhavnagar,21.7645,72.1519,17,10.0,325,27.0,80,106,992,3.78,4.54,True
FloodEvent_319,Bharuch,21.7051,72.9959,14,10.0,404,31.5,84,57,987,3.4,5.46,True
FloodEvent_320,Veraval,20.9077,70.3629,6,8.73,208,29.5,91,41,1003,0.11,3.12,True
FloodEvent_321,Okha,22.4671,69.0702,17,10.0,299,31.6,82,108,987,3.89,3.29,True
FloodEvent_322,Bharuch,21.7051,72.9959,20,10.0,301,28.1,96,16,1003,3.0,3.17,True
FloodEvent_323,Kandla,23.0333,70.2167,16,10.0,217,25.2,89,2,988,4.29,2.21,True
FloodEvent_324,Bhavnagar,21.7645,72.1519,7,8.53,168,34.6,79,20,1012,3.27,1.17,True
FloodEvent_325,Mundra,22.8392,69.7219,0,0.0,0,28.5,70,6,997,2.23,2.93,False
FloodEvent_326,Mundra,22.8392,69.7219,0,0.0,0,32.4,60,27,1000,0.36,2.42,False
FloodEvent_327,Diu,20.7194,70.9904,0,0.0,0,32.2,60,1,1007,1.27,0.57,False
FloodEvent_328,Okha,22.4671,69.0702,0,0.0,0,24.8,84,11,1008,2.84,0.5,False
FloodEvent_329,Veraval,20.9077,70.3629,6,10.0,280,34.6,68,48,1009,2.87,3.51,True
FloodEvent_330,Kandla,23.0333,70.2167,0,0.0,0,31.3,70,56,996,2.56,2.55,False
FloodEvent_331,Bhavnagar,21.7645,72.1519,19,10.0,305,35.0,99,87,999,4.08,1.89,True
FloodEvent_332,Veraval,20.9077,70.3629,13,10.0,332,35.6,80,101,989,2.24,4.4,True
FloodEvent_333,Ghogha,21.6864,72.2763,18,10.0,416,32.7,78,99,1015,3.57,5.32,True
FloodEvent_334,Surat,21.1702,72.8311,13,10.0,387,33.0,78,82,986,3.85,5.07,True
FloodEvent_335,Mundra,22.8392,69.7219,15,10.0,460,26.9,100,76,987,3.08,5.9,True
FloodEvent_336,Bhavnagar,21.7645,72.1519,0,0.0,0,28.6,96,53,996,1.96,0.77,False
FloodEvent_337,Mundra,22.8392,69.7219,16,10.0,336,24.2,64,1,993,2.15,5.65,True
FloodEvent_338,Diu,20.7194,70.9904,14,10.0,220,33.2,87,89,997,1.75,3.91,True
FloodEvent_339,Surat,21.1702,72.8311,0,0.0,0,35.7,69,68,995,1.43,2.57,False
FloodEvent_340,Mundra,22.8392,69.7219,17,10.0,285,27.7,87,93,1015,4.04,1.76,True
FloodEvent_341,Kandla,23.0333,70.2167,12,10.0,339,27.7,71,15,985,3.62,4.66,True
FloodEvent_342,Veraval,20.9077,70.3629,0,0.0,0,30.3,76,21,996,0.53,3.15,False
FloodEvent_343,Bharuch,21.7051,72.9959,19,10.0,351,32.8,67,98,1013,1.59,5.13,True
FloodEvent_344,Okha,22.4671,69.0702,0,0.0,0,29.5,83,7,1000,3.02,0.75,False
FloodEvent_345,Bhavnagar,21.7645,72.1519,10,10.0,237,27.1,66,114,1003,3.52,2.02,True
FloodEvent_346,Okha,22.4671,69.0702,0,0.0,0,28.4,69,22,1014,3.37,0.24,False
FloodEvent_347,Porbandar,21.6417,69.6293,6,7.94,201,26.7,75,53,1014,2.55,1.16,True
FloodEvent_348,Kandla,23.0333,70.2167,9,10.0,270,26.2,93,5,1015,1.46,3.52,True
FloodEvent_349,Bharuch,21.7051,72.9959,13,10.0,241,27.9,95,58,985,2.61,2.81,True
FloodEvent_350,Ghogha,21.6864,72.2763,12,10.0,300,35.7,72,93,1013,3.14,5.08,True
FloodEvent_351,Porbandar,21.6417,69.6293,20,10.0,258,24.3,94,44,1005,2.95,3.52,True
FloodEvent_352,Bharuch,21.7051,72.9959,0,0.0,0,25.2,93,30,998,1.77,0.33,False
FloodEvent_353,Bhavnagar,21.7645,72.1519,0,0.0,0,32.5,65,5,1014,0.89,3.4,False
FloodEvent_354,Okha,22.4671,69.0702,16,10.0,267,35.7,65,74,988,3.02,4.37,True
FloodEvent_355,Ghogha,21.6864,72.2763,7,9.5,204,24.7,68,30,994,2.28,2.92,True
FloodEvent_356,Okha,22.4671,69.0702,11,10.0,297,27.3,64,120,991,1.91,4.97,True
FloodEvent_357,Bhavnagar,21.7645,72.1519,14,10.0,431,29.4,80,52,988,3.11,5.84,True
FloodEvent_358,Mundra,22.8392,69.7219,15,10.0,206,25.9,79,105,1007,3.59,1.68,True
FloodEvent_359,Surat,21.1702,72.8311,16,10.0,325,35.6,85,65,986,3.53,2.67,True
FloodEvent_360,Diu,20.7194,70.9904,0,0.0,0,33.0,75,12,999,0.45,3.2,False
FloodEvent_361,Mundra,22.8392,69.7219,19,10.0,304,24.1,74,16,991,3.97,3.18,True
FloodEvent_362,Mundra,22.8392,69.7219,0,0.0,0,24.3,64,25,1013,2.3,3.26,False
FloodEvent_363,Mundra,22.8392,69.7219,16,10.0,243,34.9,81,15,986,4.33,1.73,True
FloodEvent_364,Porbandar,21.6417,69.6293,17,10.0,341,32.2,71,45,991,4.22,2.74,True
FloodEvent_365,Kandla,23.0333,70.2167,0,0.0,0,31.4,99,31,1005,1.1,1.71,False
FloodEvent_366,Bharuch,21.7051,72.9959,5,9.47,297,28.6,86,25,1005,3.11,2.15,True
FloodEvent_367,Veraval,20.9077,70.3629,0,0.0,0,29.8,91,44,1014,2.02,1.35,False
FloodEvent_368,Ghogha,21.6864,72.2763,6,10.0,310,26.6,77,7,1010,3.47,2.16,True
FloodEvent_369,Bhavnagar,21.7645,72.1519,8,10.0,289,25.2,75,34,1002,2.88,3.68,True
FloodEvent_370,Porbandar,21.6417,69.6293,15,10.0,410,28.3,71,22,992,3.28,5.13,True
FloodEvent_371,Kandla,23.0333,70.2167,12,10.0,239,32.4,82,72,1003,0.58,3.8,True
FloodEvent_372,Bhavnagar,21.7645,72.1519,12,10.0,132,29.9,65,7,992,3.3,1.59,True
FloodEvent_373,Ghogha,21.6864,72.2763,0,0.0,0,26.4,68,43,1007,0.7,3.23,False
FloodEvent_374,Bhavnagar,21.7645,72.1519,11,10.0,397,31.0,69,99,988,4.04,5.37,True
FloodEvent_375,Porbandar,21.6417,69.6293,0,0.0,0,31.0,81,38,995,0.56,0.71,False
FloodEvent_376,Porbandar,21.6417,69.6293,15,10.0,324,33.5,91,83,995,2.02,5.86,True
FloodEvent_377,Ghogha,21.6864,72.2763,0,0.0,0,33.8,84,39,1008,2.44,0.6,False
FloodEvent_378,Kandla,23.0333,70.2167,19,10.0,267,35.4,96,50,1012,3.48,3.86,True
FloodEvent_379,Ghogha,21.6864,72.2763,10,10.0,115,25.2,91,18,995,2.63,1.03,True
FloodEvent_380,Mundra,22.8392,69.7219,15,10.0,177,33.9,100,93,1013,2.51,1.55,True
FloodEvent_381,Mundra,22.8392,69.7219,11,10.0,282,32.6,63,49,999,2.59,3.88,True
FloodEvent_382,Porbandar,21.6417,69.6293,0,0.0,0,28.2,84,12,1011,1.73,3.47,False
FloodEvent_383,Bhavnagar,21.7645,72.1519,11,10.0,326,29.4,62,37,985,2.46,5.78,True
FloodEvent_384,Porbandar,21.6417,69.6293,0,0.0,0,25.9,64,70,1015,3.15,0.46,False
FloodEvent_385,Okha,22.4671,69.0702,12,10.0,305,32.5,87,120,1005,1.99,5.5,True
FloodEvent_386,Veraval,20.9077,70.3629,0,0.0,0,26.5,72,52,1007,1.98,3.71,False
FloodEvent_387,Bharuch,21.7051,72.9959,0,0.0,0,26.9,63,50,1003,1.97,2.01,False
FloodEvent_388,Kandla,23.0333,70.2167,13,10.0,287,28.3,87,11,994,3.97,4.31,True
FloodEvent_389,Bharuch,21.7051,72.9959,17,10.0,349,35.7,90,108,988,2.43,3.29,True
FloodEvent_390,Bharuch,21.7051,72.9959,17,10.0,252,25.1,94,49,990,2.61,3.22,True
FloodEvent_391,Surat,21.1702,72.8311,11,10.0,363,34.0,96,7,989,3.76,4.5,True
FloodEvent_392,Diu,20.7194,70.9904,0,0.0,0,29.0,97,29,1002,0.31,1.61,False
FloodEvent_393,Diu,20.7194,70.9904,16,10.0,426,29.0,94,87,1012,4.31,4.08,True
FloodEvent_394,Kandla,23.0333,70.2167,11,10.0,427,30.0,93,102,1003,3.53,4.29,True
FloodEvent_395,Okha,22.4671,69.0702,0,0.0,0,26.1,70,27,1010,0.76,0.27,False
FloodEvent_396,Surat,21.1702,72.8311,7,9.62,224,36.0,100,18,1011,2.12,1.35,True
FloodEvent_397,Mundra,22.8392,69.7219,0,0.0,0,25.0,95,50,1002,1.21,1.18,False
FloodEvent_398,Ghogha,21.6864,72.2763,0,0.0,0,31.1,86,14,998,0.61,2.31,False
FloodEvent_399,Ghogha,21.6864,72.2763,15,10.0,322,33.1,66,118,988,3.19,1.95,True
FloodEvent_400,Bharuch,21.7051,72.9959,11,9.65,93,28.6,91,73,1004,1.71,0.77,True
FloodEvent_401,Ghogha,21.6864,72.2763,4,7.94,253,32.2,85,4,997,3.12,1.39,True
FloodEvent_402,Kandla,23.0333,70.2167,20,10.0,320,28.1,79,39,993,4.03,5.36,True
FloodEvent_403,Surat,21.1702,72.8311,17,10.0,302,25.6,88,99,1011,2.46,4.78,True
FloodEvent_404,Porbandar,21.6417,69.6293,12,10.0,294,32.9,93,111,996,3.96,3.82,True
FloodEvent_405,Diu,20.7194,70.9904,8,9.7,160,28.8,93,112,1003,1.59,2.37,True
FloodEvent_406,Kandla,23.0333,70.2167,0,0.0,0,35.0,72,35,996,2.9,2.07,False
FloodEvent_407,Mundra,22.8392,69.7219,0,0.0,0,32.2,75,47,1000,2.12,0.79,False
FloodEvent_408,Veraval,20.9077,70.3629,16,10.0,228,28.1,76,95,1011,3.57,2.78,True
FloodEvent_409,Ghogha,21.6864,72.2763,10,10.0,426,33.4,73,109,992,3.44,4.55,True
FloodEvent_410,Kandla,23.0333,70.2167,14,10.0,247,29.7,68,82,990,3.3,1.54,True
FloodEvent_411,Bharuch,21.7051,72.9959,0,0.0,0,32.6,77,54,1013,1.38,1.46,False
FloodEvent_412,Diu,20.7194,70.9904,15,10.0,360,33.9,85,74,988,1.52,6.0,True
FloodEvent_413,Ghogha,21.6864,72.2763,14,10.0,246,31.3,79,87,988,2.95,3.01,True
FloodEvent_414,Bharuch,21.7051,72.9959,19,10.0,395,26.3,93,97,992,4.2,5.12,True
FloodEvent_415,Veraval,20.9077,70.3629,10,10.0,324,32.2,61,83,1000,4.49,2.67,True
FloodEvent_416,Ghogha,21.6864,72.2763,17,10.0,358,33.8,81,92,1007,2.17,3.91,True
FloodEvent_417,Veraval,20.9077,70.3629,14,10.0,335,30.1,70,107,1006,4.13,2.32,True
FloodEvent_418,Diu,20.7194,70.9904,10,10.0,182,33.2,71,87,1013,2.51,1.9,True
FloodEvent_419,Bharuch,21.7051,72.9959,20,10.0,303,29.0,81,47,993,3.26,3.59,True
FloodEvent_420,Ghogha,21.6864,72.2763,14,10.0,298,24.9,72,64,988,4.1,3.22,True
FloodEvent_421,Bhavnagar,21.7645,72.1519,7,10.0,335,25.6,72,43,998,3.46,3.58,True
FloodEvent_422,Okha,22.4671,69.0702,0,0.0,0,28.0,71,40,1005,0.3,1.86,False
FloodEvent_423,Surat,21.1702,72.8311,11,10.0,230,33.1,70,73,1009,0.64,3.16,True
FloodEvent_424,Porbandar,21.6417,69.6293,10,10.0,262,29.1,90,49,985,1.61,2.4,True
FloodEvent_425,Veraval,20.9077,70.3629,13,10.0,282,33.1,93,24,985,3.53,4.32,True
FloodEvent_426,Veraval,20.9077,70.3629,0,0.0,0,27.7,66,49,1001,2.1,0.75,False
FloodEvent_427,Bharuch,21.7051,72.9959,12,10.0,222,29.5,93,76,1001,1.25,3.56,True
FloodEvent_428,Okha,22.4671,69.0702,7,10.0,227,28.3,72,21,1015,3.18,3.27,True
FloodEvent_429,Kandla,23.0333,70.2167,11,10.0,304,31.1,70,15,996,2.52,3.19,True
FloodEvent_430,Bharuch,21.7051,72.9959,6,10.0,244,33.3,99,6,1004,3.48,2.68,True
FloodEvent_431,Porbandar,21.6417,69.6293,0,0.0,0,25.5,76,60,1007,0.62,2.81,False
FloodEvent_432,Kandla,23.0333,70.2167,11,10.0,311,27.6,66,84,1001,2.31,4.23,True
FloodEvent_433,Ghogha,21.6864,72.2763,14,10.0,390,25.4,67,100,988,2.99,4.24,True
FloodEvent_434,Surat,21.1702,72.8311,15,10.0,202,28.3,86,37,990,1.62,3.73,True
FloodEvent_435,Kandla,23.0333,70.2167,11,10.0,318,32.1,67,106,1003,3.51,2.17,True
FloodEvent_436,Mundra,22.8392,69.7219,10,10.0,275,32.7,66,115,993,3.43,3.56,True
FloodEvent_437,Bhavnagar,21.7645,72.1519,0,0.0,0,34.5,78,46,1010,2.4,1.76,False
FloodEvent_438,Mundra,22.8392,69.7219,0,0.0,0,25.1,62,1,1012,0.57,2.62,False
FloodEvent_439,Ghogha,21.6864,72.2763,0,0.0,0,27.2,65,47,1011,1.27,0.54,False
FloodEvent_440,Porbandar,21.6417,69.6293,12,10.0,279,35.5,77,106,997,3.57,3.65,True
FloodEvent_441,Kandla,23.0333,70.2167,6,9.36,246,35.8,70,13,998,3.2,1.98,True
FloodEvent_442,Bhavnagar,21.7645,72.1519,12,10.0,406,31.3,82,78,985,4.09,5.46,True
FloodEvent_443,Okha,22.4671,69.0702,18,10.0,323,25.4,86,56,986,1.69,4.45,True
FloodEvent_444,Ghogha,21.6864,72.2763,19,10.0,240,32.7,74,85,1012,2.51,3.85,True
FloodEvent_445,Surat,21.1702,72.8311,7,10.0,276,29.8,84,19,1011,2.91,3.58,True
FloodEvent_446,Okha,22.4671,69.0702,0,0.0,0,34.2,70,9,1009,1.77,1.04,False
FloodEvent_447,Bharuch,21.7051,72.9959,6,8.84,228,24.6,74,70,1005,1.39,3.29,True
FloodEvent_448,Okha,22.4671,69.0702,0,0.0,0,29.4,67,63,1008,2.32,0.5,False
FloodEvent_449,Porbandar,21.6417,69.6293,0,0.0,0,24.4,95,0,1011,0.41,2.46,False
FloodEvent_450,Diu,20.7194,70.9904,17,10.0,240,30.7,89,43,996,2.91,3.28,True
FloodEvent_451,Ghogha,21.6864,72.2763,20,10.0,397,31.2,83,91,999,1.84,4.92,True
FloodEvent_452,Bharuch,21.7051,72.9959,12,10.0,261,30.6,83,89,988,1.64,2.24,True
FloodEvent_453,Porbandar,21.6417,69.6293,13,10.0,346,25.3,99,25,991,1.86,5.33,True
FloodEvent_454,Mundra,22.8392,69.7219,17,10.0,371,33.1,62,118,1005,4.01,4.15,True
FloodEvent_455,Ghogha,21.6864,72.2763,17,10.0,283,35.5,68,63,985,3.09,1.72,True
FloodEvent_456,Bhavnagar,21.7645,72.1519,19,10.0,279,32.3,71,93,1011,1.89,3.24,True
FloodEvent_457,Veraval,20.9077,70.3629,9,10.0,264,30.0,84,53,1004,3.21,3.07,True
FloodEvent_458,Bhavnagar,21.7645,72.1519,18,10.0,355,25.7,98,89,1013,3.75,2.85,True
FloodEvent_459,Diu,20.7194,70.9904,7,10.0,254,31.6,72,26,1004,2.53,2.78,True
FloodEvent_460,Bhavnagar,21.7645,72.1519,0,0.0,0,30.0,100,41,1007,0.49,1.47,False
FloodEvent_461,Okha,22.4671,69.0702,10,10.0,357,31.0,86,86,1008,4.18,3.9,True
FloodEvent_462,Kandla,23.0333,70.2167,12,10.0,402,28.6,63,85,986,2.1,4.88,True
FloodEvent_463,Bharuch,21.7051,72.9959,11,10.0,358,25.8,63,88,1010,2.39,4.89,True
FloodEvent_464,Diu,20.7194,70.9904,14,10.0,373,34.4,95,49,992,3.03,5.09,True
FloodEvent_465,Kandla,23.0333,70.2167,7,9.69,209,35.1,84,53,1015,2.78,2.77,True
FloodEvent_466,Ghogha,21.6864,72.2763,20,10.0,378,34.4,88,106,992,4.23,4.67,True
FloodEvent_467,Ghogha,21.6864,72.2763,0,0.0,0,30.6,98,25,1009,2.56,0.85,False
FloodEvent_468,Mundra,22.8392,69.7219,9,9.57,208,26.2,71,94,1001,1.86,1.68,True
FloodEvent_469,Bhavnagar,21.7645,72.1519,6,8.71,178,25.9,76,0,995,1.69,3.76,True
FloodEvent_470,Ghogha,21.6864,72.2763,0,0.0,0,34.1,79,62,1010,2.05,1.5,False
FloodEvent_471,Veraval,20.9077,70.3629,15,10.0,223,30.3,71,66,987,3.86,2.22,True
FloodEvent_472,Surat,21.1702,72.8311,18,10.0,305,32.0,81,46,994,2.16,4.89,True
FloodEvent_473,Diu,20.7194,70.9904,0,0.0,0,33.9,60,14,1006,1.28,1.04,False
FloodEvent_474,Surat,21.1702,72.8311,0,0.0,0,35.5,80,48,1014,2.81,0.54,False
FloodEvent_475,Bharuch,21.7051,72.9959,0,0.0,0,30.5,78,3,1014,1.86,3.1,False
FloodEvent_476,Okha,22.4671,69.0702,0,0.0,0,24.5,72,41,1001,0.38,0.47,False
FloodEvent_477,Diu,20.7194,70.9904,11,10.0,305,30.4,100,8,991,3.51,4.98,True
FloodEvent_478,Porbandar,21.6417,69.6293,15,10.0,210,31.8,64,95,1006,1.96,3.57,True
FloodEvent_479,Mundra,22.8392,69.7219,20,10.0,246,24.7,76,71,987,3.22,2.52,True
FloodEvent_480,Veraval,20.9077,70.3629,19,10.0,267,24.2,67,68,985,3.42,4.28,True
FloodEvent_481,Mundra,22.8392,69.7219,17,10.0,257,28.3,92,13,994,3.86,2.86,True
FloodEvent_482,Kandla,23.0333,70.2167,18,10.0,330,29.7,94,28,989,3.74,5.09,True
FloodEvent_483,Bhavnagar,21.7645,72.1519,0,0.0,0,27.6,83,1,1002,3.07,0.65,False
FloodEvent_484,Kandla,23.0333,70.2167,0,0.0,0,24.1,98,50,1002,1.96,0.43,False
FloodEvent_485,Veraval,20.9077,70.3629,14,10.0,231,26.5,92,18,990,2.05,4.28,True
FloodEvent_486,Bhavnagar,21.7645,72.1519,18,10.0,430,32.1,96,109,986,4.05,5.7,True
FloodEvent_487,Diu,20.7194,70.9904,20,10.0,295,24.9,64,32,988,2.09,4.11,True
FloodEvent_488,Mundra,22.8392,69.7219,19,10.0,328,27.4,64,115,991,2.45,3.53,True
FloodEvent_489,Ghogha,21.6864,72.2763,3,6.65,186,25.8,96,46,1010,1.18,1.77,True
FloodEvent_490,Porbandar,21.6417,69.6293,12,10.0,255,27.3,83,17,1006,2.59,3.52,True
FloodEvent_491,Bharuch,21.7051,72.9959,6,9.01,199,29.8,66,22,1005,2.16,3.38,True
FloodEvent_492,Mundra,22.8392,69.7219,19,10.0,379,32.7,61,108,1001,3.39,5.16,True
FloodEvent_493,Ghogha,21.6864,72.2763,15,10.0,380,26.6,62,70,993,3.13,5.99,True
FloodEvent_494,Ghogha,21.6864,72.2763,0,0.0,0,32.8,78,17,999,1.8,0.45,False
FloodEvent_495,Veraval,20.9077,70.3629,17,10.0,322,30.0,75,108,1015,3.92,4.26,True
FloodEvent_496,Ghogha,21.6864,72.2763,13,10.0,329,35.4,69,94,1008,2.95,3.11,True
FloodEvent_497,Surat,21.1702,72.8311,17,10.0,360,24.8,83,29,986,3.51,3.83,True
FloodEvent_498,Kandla,23.0333,70.2167,0,0.0,0,35.8,80,13,1007,3.39,2.57,False
FloodEvent_499,Bharuch,21.7051,72.9959,0,0.0,0,34.0,76,74,1002,2.04,1.57,False
FloodEvent_500,Mundra,22.8392,69.7219,15,10.0,303,30.2,84,116,992,3.05,3.09,True
FloodEvent_501,Okha,22.4671,69.0702,0,0.0,0,34.6,60,64,1013,0.57,0.75,False
FloodEvent_502,Surat,21.1702,72.8311,0,0.0,0,25.8,70,46,1004,2.54,0.56,False
FloodEvent_503,Surat,21.1702,72.8311,16,10.0,238,29.0,81,92,988,2.94,3.65,True
FloodEvent_504,Kandla,23.0333,70.2167,19,10.0,160,25.5,97,20,989,3.39,1.68,True
FloodEvent_505,Bhavnagar,21.7645,72.1519,0,0.0,0,27.1,71,66,1015,1.48,3.88,False
FloodEvent_506,Bharuch,21.7051,72.9959,7,10.0,256,35.4,73,57,1004,3.48,3.48,True
FloodEvent_507,Porbandar,21.6417,69.6293,15,10.0,387,31.2,97,105,1009,2.05,4.47,True
FloodEvent_508,Ghogha,21.6864,72.2763,0,0.0,0,31.1,74,48,997,0.55,0.16,False
FloodEvent_509,Diu,20.7194,70.9904,19,10.0,292,34.3,92,87,998,3.98,4.22,True
FloodEvent_510,Diu,20.7194,70.9904,6,10.0,309,30.0,67,11,1000,2.34,3.62,True
FloodEvent_511,Porbandar,21.6417,69.6293,16,10.0,310,30.3,83,111,986,3.59,3.43,True
FloodEvent_512,Ghogha,21.6864,72.2763,6,9.98,239,25.2,68,32,1000,2.7,3.65,True
FloodEvent_513,Diu,20.7194,70.9904,0,0.0,0,28.9,72,0,1007,2.63,0.13,False
FloodEvent_514,Porbandar,21.6417,69.6293,0,0.0,0,31.9,80,52,996,0.46,1.76,False
FloodEvent_515,Ghogha,21.6864,72.2763,0,0.0,0,27.0,94,54,1003,1.34,1.17,False
FloodEvent_516,Porbandar,21.6417,69.6293,14,10.0,369,30.6,95,61,990,2.61,4.0,True
FloodEvent_517,Ghogha,21.6864,72.2763,13,10.0,369,28.1,85,94,989,4.06,4.47,True
FloodEvent_518,Bhavnagar,21.7645,72.1519,0,0.0,0,25.2,92,51,1010,1.25,2.25,False
FloodEvent_519,Bhavnagar,21.7645,72.1519,0,0.0,0,28.7,100,0,1010,0.41,0.67,False
FloodEvent_520,Ghogha,21.6864,72.2763,16,10.0,309,29.2,64,33,992,2.61,4.24,True
FloodEvent_521,Diu,20.7194,70.9904,0,0.0,0,27.4,98,7,1015,2.73,0.78,False
FloodEvent_522,Okha,22.4671,69.0702,18,10.0,370,29.3,72,108,1006,4.29,3.83,True
FloodEvent_523,Surat,21.1702,72.8311,11,10.0,462,31.4,62,46,992,3.47,5.89,True
FloodEvent_524,Porbandar,21.6417,69.6293,0,0.0,0,28.2,85,51,1003,0.78,0.16,False
FloodEvent_525,Diu,20.7194,70.9904,14,10.0,359,27.4,95,117,1003,2.54,5.83,True
FloodEvent_526,Surat,21.1702,72.8311,14,10.0,242,29.5,85,73,985,2.28,3.33,True
FloodEvent_527,Mundra,22.8392,69.7219,17,10.0,439,33.6,76,112,1002,3.94,4.09,True
FloodEvent_528,Ghogha,21.6864,72.2763,10,10.0,349,29.8,75,96,995,4.38,3.56,True
FloodEvent_529,Bharuch,21.7051,72.9959,15,10.0,274,24.8,100,100,992,3.53,2.53,True
FloodEvent_530,Veraval,20.9077,70.3629,0,0.0,0,30.2,60,89,1011,2.29,2.79,False
FloodEvent_531,Veraval,20.9077,70.3629,4,7.44,192,24.9,71,60,995,1.3,3.59,True
FloodEvent_532,Surat,21.1702,72.8311,0,0.0,0,30.0,72,30,1008,0.92,1.14,False
FloodEvent_533,Ghogha,21.6864,72.2763,5,7.98,226,28.3,66,15,1014,0.37,3.83,True
FloodEvent_534,Diu,20.7194,70.9904,9,10.0,226,35.5,90,47,1004,1.17,3.6,True
FloodEvent_535,Diu,20.7194,70.9904,16,10.0,286,27.4,74,96,1003,1.88,3.87,True
FloodEvent_536,Diu,20.7194,70.9904,0,0.0,0,24.4,82,50,1012,2.43,0.78,False
FloodEvent_537,Okha,22.4671,69.0702,0,0.0,0,27.8,60,1,1006,0.82,2.37,False
FloodEvent_538,Veraval,20.9077,70.3629,0,0.0,0,28.3,76,23,1002,0.99,1.15,False
FloodEvent_539,Bhavnagar,21.7645,72.1519,0,0.0,0,30.0,73,53,1007,2.66,1.52,False
FloodEvent_540,Porbandar,21.6417,69.6293,11,10.0,414,27.4,71,73,989,4.44,4.59,True
FloodEvent_541,Surat,21.1702,72.8311,17,10.0,400,30.7,84,25,989,3.9,4.82,True
FloodEvent_542,Bhavnagar,21.7645,72.1519,14,10.0,356,29.1,68,114,1012,3.39,3.9,True
FloodEvent_543,Ghogha,21.6864,72.2763,17,10.0,381,24.6,66,88,990,1.68,5.16,True
FloodEvent_544,Mundra,22.8392,69.7219,0,0.0,0,29.4,81,33,996,1.33,2.27,False
FloodEvent_545,Porbandar,21.6417,69.6293,0,0.0,0,25.5,98,25,1003,2.06,2.63,False
FloodEvent_546,Bhavnagar,21.7645,72.1519,0,0.0,0,35.8,78,45,995,2.39,2.0,False
FloodEvent_547,Porbandar,21.6417,69.6293,0,0.0,0,31.4,89,80,1015,0.59,0.75,False
FloodEvent_548,Veraval,20.9077,70.3629,15,10.0,192,29.1,99,73,997,2.99,0.38,True
FloodEvent_549,Bharuch,21.7051,72.9959,4,8.46,268,31.3,85,34,1013,1.61,3.46,True
FloodEvent_550,Diu,20.7194,70.9904,11,10.0,205,35.6,86,21,990,4.06,2.06,True
FloodEvent_551,Porbandar,21.6417,69.6293,16,10.0,253,25.2,64,119,1013,2.92,1.74,True
FloodEvent_552,Mundra,22.8392,69.7219,14,10.0,359,25.2,99,19,987,3.46,5.48,True
FloodEvent_553,Bhavnagar,21.7645,72.1519,15,10.0,419,25.6,70,3,986,3.49,5.37,True
FloodEvent_554,Okha,22.4671,69.0702,19,10.0,285,35.7,94,119,993,3.15,2.11,True
FloodEvent_555,Ghogha,21.6864,72.2763,18,10.0,223,29.2,100,81,1002,2.43,3.06,True
FloodEvent_556,Mundra,22.8392,69.7219,0,0.0,0,29.3,83,52,993,1.97,1.55,False
FloodEvent_557,Bhavnagar,21.7645,72.1519,17,10.0,286,28.1,90,68,985,3.56,3.71,True
FloodEvent_558,Porbandar,21.6417,69.6293,0,0.0,0,33.6,98,29,1010,0.12,1.56,False
FloodEvent_559,Porbandar,21.6417,69.6293,8,9.52,226,27.0,84,106,997,2.16,1.86,True
FloodEvent_560,Ghogha,21.6864,72.2763,7,9.77,199,33.7,77,36,1005,2.63,3.25,True
FloodEvent_561,Mundra,22.8392,69.7219,15,10.0,239,31.6,99,57,993,3.6,3.71,True
FloodEvent_562,Kandla,23.0333,70.2167,6,8.25,145,35.6,61,23,988,2.35,2.06,True
FloodEvent_563,Okha,22.4671,69.0702,17,10.0,318,26.6,86,39,1010,2.82,3.99,True
FloodEvent_564,Kandla,23.0333,70.2167,14,10.0,280,28.0,69,7,993,3.83,1.82,True
FloodEvent_565,Kandla,23.0333,70.2167,2,5.57,149,25.5,75,49,1009,3.41,1.06,True
FloodEvent_566,Mundra,22.8392,69.7219,0,0.0,0,30.3,73,60,997,2.42,1.32,False
FloodEvent_567,Kandla,23.0333,70.2167,13,10.0,282,32.9,95,66,988,2.26,4.37,True
FloodEvent_568,Kandla,23.0333,70.2167,6,10.0,249,34.4,73,14,992,3.4,2.96,True
FloodEvent_569,Surat,21.1702,72.8311,3,7.55,230,24.1,62,74,1010,2.45,2.78,True
FloodEvent_570,Mundra,22.8392,69.7219,5,10.0,238,27.0,91,11,1006,2.2,3.73,True
FloodEvent_571,Bhavnagar,21.7645,72.1519,0,0.0,0,32.4,66,16,1000,0.89,3.93,False
FloodEvent_572,Veraval,20.9077,70.3629,10,10.0,249,33.7,88,93,991,1.56,3.2,True
FloodEvent_573,Okha,22.4671,69.0702,10,10.0,203,30.7,94,89,1000,2.07,2.34,True
FloodEvent_574,Okha,22.4671,69.0702,14,10.0,264,27.3,98,117,1012,3.16,1.81,True
FloodEvent_575,Okha,22.4671,69.0702,19,10.0,332,24.0,100,64,997,2.59,3.54,True
FloodEvent_576,Ghogha,21.6864,72.2763,18,10.0,242,26.9,64,84,1015,3.12,3.24,True
FloodEvent_577,Bharuch,21.7051,72.9959,12,10.0,160,27.9,80,14,988,3.07,1.8,True
FloodEvent_578,Kandla,23.0333,70.2167,19,10.0,298,26.4,91,24,988,1.6,4.39,True
FloodEvent_579,Bharuch,21.7051,72.9959,8,9.83,249,24.6,74,77,1007,0.34,3.73,True
FloodEvent_580,Mundra,22.8392,69.7219,5,10.0,303,29.6,100,7,996,2.0,3.76,True
FloodEvent_581,Bharuch,21.7051,72.9959,18,10.0,174,30.3,64,106,994,1.73,2.47,True
FloodEvent_582,Surat,21.1702,72.8311,0,0.0,0,30.4,72,24,1001,2.33,2.32,False
FloodEvent_583,Diu,20.7194,70.9904,20,10.0,347,29.0,66,98,1005,3.23,4.54,True
FloodEvent_584,Mundra,22.8392,69.7219,0,0.0,0,26.0,71,70,997,1.82,2.66,False
FloodEvent_585,Veraval,20.9077,70.3629,11,10.0,258,34.8,95,41,1012,1.36,3.08,True
FloodEvent_586,Veraval,20.9077,70.3629,17,10.0,292,31.3,96,69,991,2.63,3.98,True
FloodEvent_587,Porbandar,21.6417,69.6293,0,0.0,0,24.0,62,36,1004,0.16,0.63,False
FloodEvent_588,Bharuch,21.7051,72.9959,6,8.34,206,24.1,74,27,1012,1.17,3.11,True
FloodEvent_589,Ghogha,21.6864,72.2763,14,10.0,199,35.1,69,12,986,2.88,2.2,True
FloodEvent_590,Ghogha,21.6864,72.2763,15,10.0,312,27.0,76,103,994,1.78,3.3,True
FloodEvent_591,Bhavnagar,21.7645,72.1519,10,10.0,347,29.9,96,104,1014,1.79,4.39,True
FloodEvent_592,Ghogha,21.6864,72.2763,11,10.0,440,28.6,63,117,1009,2.5,5.46,True
FloodEvent_593,Surat,21.1702,72.8311,10,10.0,338,33.0,98,118,985,3.4,4.34,True
FloodEvent_594,Kandla,23.0333,70.2167,0,0.0,0,27.8,96,19,995,1.81,0.96,False
FloodEvent_595,Porbandar,21.6417,69.6293,11,9.5,95,35.7,98,73,1001,0.41,1.78,True
FloodEvent_596,Veraval,20.9077,70.3629,12,10.0,318,25.0,96,95,986,3.14,2.68,True
FloodEvent_597,Okha,22.4671,69.0702,7,9.93,207,30.7,91,50,1005,2.04,2.29,True
FloodEvent_598,Surat,21.1702,72.8311,10,9.08,114,24.9,87,41,1006,3.24,0.45,True
FloodEvent_599,Veraval,20.9077,70.3629,17,10.0,281,31.1,61,98,994,2.01,3.07,True
FloodEvent_600,Okha,22.4671,69.0702,2,5.79,169,24.5,74,25,1006,1.37,3.06,True
FloodEvent_601,Ghogha,21.6864,72.2763,0,0.0,0,35.1,78,1,995,2.46,0.53,False
FloodEvent_602,Okha,22.4671,69.0702,0,0.0,0,29.7,81,26,1008,1.93,0.89,False
FloodEvent_603,Okha,22.4671,69.0702,20,10.0,310,31.5,69,88,1007,3.5,3.19,True
FloodEvent_604,Bharuch,21.7051,72.9959,0,0.0,0,26.0,78,25,1010,2.47,1.16,False
FloodEvent_605,Mundra,22.8392,69.7219,11,10.0,251,28.7,77,84,1012,4.24,3.12,True
FloodEvent_606,Porbandar,21.6417,69.6293,0,0.0,0,26.8,84,65,1007,0.44,1.33,False
FloodEvent_607,Bhavnagar,21.7645,72.1519,18,10.0,120,26.4,89,71,1014,2.52,0.26,True
FloodEvent_608,Okha,22.4671,69.0702,0,0.0,0,28.7,70,2,996,2.43,1.49,False
FloodEvent_609,Diu,20.7194,70.9904,10,10.0,480,27.3,63,80,993,4.14,5.51,True
FloodEvent_610,Bharuch,21.7051,72.9959,19,10.0,325,26.7,81,114,997,3.47,1.9,True
FloodEvent_611,Surat,21.1702,72.8311,15,10.0,285,29.0,96,19,998,3.4,3.65,True
FloodEvent_612,Bhavnagar,21.7645,72.1519,0,0.0,0,26.5,68,74,1002,2.43,0.89,False
FloodEvent_613,Diu,20.7194,70.9904,12,10.0,349,34.9,87,116,1009,1.94,5.7,True
FloodEvent_614,Diu,20.7194,70.9904,0,0.0,0,30.4,67,23,995,2.95,0.67,False
FloodEvent_615,Porbandar,21.6417,69.6293,9,10.0,244,35.5,79,56,1008,3.27,3.59,True
FloodEvent_616,Surat,21.1702,72.8311,0,0.0,0,25.3,71,3,1009,3.45,2.51,False
FloodEvent_617,Ghogha,21.6864,72.2763,18,10.0,352,26.8,61,45,987,3.56,3.64,True
FloodEvent_618,Okha,22.4671,69.0702,0,0.0,0,32.5,83,23,1012,1.42,1.95,False
FloodEvent_619,Porbandar,21.6417,69.6293,20,10.0,395,33.2,60,118,993,4.35,2.5,True
FloodEvent_620,Surat,21.1702,72.8311,16,10.0,335,24.8,88,110,1004,2.97,2.96,True
FloodEvent_621,Ghogha,21.6864,72.2763,19,10.0,399,32.8,84,92,995,2.68,5.73,True
FloodEvent_622,Diu,20.7194,70.9904,18,10.0,360,31.7,62,66,988,2.85,5.22,True
FloodEvent_623,Kandla,23.0333,70.2167,17,10.0,289,30.7,93,97,1005,4.39,2.35,True
FloodEvent_624,Bharuch,21.7051,72.9959,12,10.0,304,33.3,78,59,990,2.77,4.26,True
FloodEvent_625,Okha,22.4671,69.0702,18,10.0,334,25.1,92,14,990,3.84,5.72,True
FloodEvent_626,Porbandar,21.6417,69.6293,0,0.0,0,27.9,61,22,999,2.11,2.88,False
FloodEvent_627,Bharuch,21.7051,72.9959,12,10.0,232,27.9,70,91,1008,1.87,2.01,True
FloodEvent_628,Mundra,22.8392,69.7219,10,10.0,419,30.3,84,93,1010,4.43,4.25,True
FloodEvent_629,Veraval,20.9077,70.3629,2,5.4,174,30.8,69,20,1012,0.59,3.1,True
FloodEvent_630,Bharuch,21.7051,72.9959,9,9.18,137,32.8,88,36,1005,0.71,3.6,True
FloodEvent_631,Okha,22.4671,69.0702,13,10.0,344,34.3,94,103,985,3.32,3.72,True
FloodEvent_632,Okha,22.4671,69.0702,0,0.0,0,29.4,88,10,1004,2.14,1.05,False
FloodEvent_633,Diu,20.7194,70.9904,10,10.0,227,33.8,73,6,990,1.94,4.44,True
FloodEvent_634,Kandla,23.0333,70.2167,9,10.0,170,32.0,98,38,995,3.23,0.29,True
FloodEvent_635,Ghogha,21.6864,72.2763,0,0.0,0,30.9,95,22,1015,1.65,2.36,False
FloodEvent_636,Kandla,23.0333,70.2167,6,10.0,241,25.1,79,41,996,3.15,3.3,True
FloodEvent_637,Bhavnagar,21.7645,72.1519,0,0.0,0,25.5,77,42,1001,1.51,0.92,False
FloodEvent_638,Surat,21.1702,72.8311,9,10.0,243,31.3,66,73,1008,3.43,2.16,True
FloodEvent_639,Veraval,20.9077,70.3629,17,10.0,268,27.1,96,79,996,3.25,2.5,True
FloodEvent_640,Okha,22.4671,69.0702,12,10.0,286,29.9,71,113,1004,2.2,2.81,True
FloodEvent_641,Mundra,22.8392,69.7219,15,10.0,329,32.8,73,102,1004,4.5,3.36,True
FloodEvent_642,Surat,21.1702,72.8311,5,7.14,156,24.1,72,88,994,2.26,1.81,True
FloodEvent_643,Veraval,20.9077,70.3629,4,5.65,155,28.1,96,78,1015,0.2,0.78,True
FloodEvent_644,Okha,22.4671,69.0702,15,10.0,325,35.0,62,82,989,2.94,4.32,True
FloodEvent_645,Porbandar,21.6417,69.6293,15,10.0,355,35.1,63,106,1001,2.4,4.76,True
FloodEvent_646,Kandla,23.0333,70.2167,10,10.0,306,26.5,81,102,1014,4.16,3.09,True
FloodEvent_647,Porbandar,21.6417,69.6293,0,0.0,0,31.5,70,73,1004,1.42,2.42,False
FloodEvent_648,Bharuch,21.7051,72.9959,14,10.0,177,32.5,80,90,986,2.31,1.89,True
FloodEvent_649,Bharuch,21.7051,72.9959,17,10.0,421,26.1,83,100,986,3.83,5.61,True
FloodEvent_650,Okha,22.4671,69.0702,0,0.0,0,34.9,69,24,995,3.24,2.96,False
FloodEvent_651,Diu,20.7194,70.9904,7,10.0,224,27.7,80,18,1009,3.06,3.31,True
FloodEvent_652,Kandla,23.0333,70.2167,6,9.5,160,29.5,93,14,985,2.43,1.7,True
FloodEvent_653,Kandla,23.0333,70.2167,4,7.7,195,25.2,79,2,1003,2.68,2.59,True
FloodEvent_654,Veraval,20.9077,70.3629,6,7.85,140,33.3,67,34,989,1.97,2.02,True
FloodEvent_655,Veraval,20.9077,70.3629,0,0.0,0,30.6,77,18,1015,2.49,1.2,False
FloodEvent_656,Ghogha,21.6864,72.2763,20,10.0,188,34.7,94,56,986,1.89,3.62,True
FloodEvent_657,Porbandar,21.6417,69.6293,17,10.0,397,24.6,87,50,990,3.61,5.51,True
FloodEvent_658,Bharuch,21.7051,72.9959,17,10.0,347,28.0,72,91,1009,3.51,3.9,True
FloodEvent_659,Mundra,22.8392,69.7219,0,0.0,0,33.8,89,12,999,1.16,2.61,False
FloodEvent_660,Surat,21.1702,72.8311,0,0.0,0,25.7,99,33,1014,1.34,0.82,False
FloodEvent_661,Veraval,20.9077,70.3629,0,0.0,0,33.5,80,58,1000,0.2,1.95,False
FloodEvent_662,Bhavnagar,21.7645,72.1519,0,0.0,0,27.4,82,77,1003,0.53,0.5,False
FloodEvent_663,Mundra,22.8392,69.7219,18,10.0,255,27.9,64,101,994,3.1,3.3,True
FloodEvent_664,Okha,22.4671,69.0702,0,0.0,0,28.6,81,26,1011,2.46,1.78,False
FloodEvent_665,Porbandar,21.6417,69.6293,0,0.0,0,30.8,81,69,1007,0.9,2.68,False
FloodEvent_666,Ghogha,21.6864,72.2763,5,6.99,157,34.0,67,75,1004,1.67,2.26,True
FloodEvent_667,Porbandar,21.6417,69.6293,10,10.0,318,24.8,66,87,1011,3.29,5.19,True
FloodEvent_668,Bhavnagar,21.7645,72.1519,17,10.0,379,34.6,100,103,985,3.77,4.47,True
FloodEvent_669,Porbandar,21.6417,69.6293,19,10.0,312,31.4,88,25,991,3.54,2.92,True
FloodEvent_670,Bharuch,21.7051,72.9959,16,10.0,279,35.0,87,91,1014,2.53,1.9,True
FloodEvent_671,Bharuch,21.7051,72.9959,15,10.0,302,24.7,95,6,985,3.61,5.19,True
FloodEvent_672,Bharuch,21.7051,72.9959,0,0.0,0,34.4,75,55,1007,2.11,2.54,False
FloodEvent_673,Porbandar,21.6417,69.6293,15,10.0,363,28.9,87,69,991,3.49,3.64,True
FloodEvent_674,Bhavnagar,21.7645,72.1519,12,10.0,183,27.5,68,17,985,1.72,1.57,True
FloodEvent_675,Bhavnagar,21.7645,72.1519,17,10.0,399,25.0,86,110,999,4.18,4.63,True
FloodEvent_676,Diu,20.7194,70.9904,19,10.0,278,33.8,84,45,992,2.06,4.22,True
FloodEvent_677,Surat,21.1702,72.8311,0,0.0,0,32.5,77,52,1014,1.96,1.53,False
FloodEvent_678,Veraval,20.9077,70.3629,14,10.0,318,25.4,90,88,987,1.93,4.79,True
FloodEvent_679,Mundra,22.8392,69.7219,20,10.0,332,30.3,99,11,992,2.92,4.84,True
FloodEvent_680,Ghogha,21.6864,72.2763,17,10.0,247,27.7,63,115,995,3.11,1.55,True
FloodEvent_681,Okha,22.4671,69.0702,9,10.0,316,30.9,81,53,996,3.37,3.21,True
FloodEvent_682,Ghogha,21.6864,72.2763,0,0.0,0,27.1,100,60,1003,0.67,0.3,False
FloodEvent_683,Bharuch,21.7051,72.9959,14,10.0,161,33.7,99,3,994,2.95,2.07,True
FloodEvent_684,Bharuch,21.7051,72.9959,0,0.0,0,27.3,76,1,1008,0.48,0.78,False
FloodEvent_685,Ghogha,21.6864,72.2763,5,7.12,172,32.9,88,47,1010,0.7,3.15,True
FloodEvent_686,Mundra,22.8392,69.7219,16,10.0,340,35.6,98,119,1011,1.96,3.73,True
FloodEvent_687,Surat,21.1702,72.8311,11,10.0,286,31.9,100,21,991,3.23,5.29,True
FloodEvent_688,Okha,22.4671,69.0702,8,10.0,286,28.8,79,60,1008,3.32,3.7,True
FloodEvent_689,Porbandar,21.6417,69.6293,0,0.0,0,29.7,69,67,1012,1.58,1.23,False
FloodEvent_690,Veraval,20.9077,70.3629,0,0.0,0,35.5,62,12,1014,1.91,1.48,False
FloodEvent_691,Porbandar,21.6417,69.6293,0,0.0,0,31.3,77,42,993,2.3,1.94,False
FloodEvent_692,Surat,21.1702,72.8311,12,10.0,325,32.8,97,98,991,3.06,4.55,True
FloodEvent_693,Kandla,23.0333,70.2167,0,0.0,0,32.1,64,1,998,0.43,0.51,False
FloodEvent_694,Bharuch,21.7051,72.9959,0,0.0,0,27.0,62,3,1004,0.41,3.76,False
FloodEvent_695,Surat,21.1702,72.8311,7,9.79,222,35.4,100,15,1007,3.36,0.44,True
FloodEvent_696,Bhavnagar,21.7645,72.1519,14,10.0,305,27.0,89,84,1014,1.73,3.54,True
FloodEvent_697,Veraval,20.9077,70.3629,0,0.0,0,27.1,64,35,1009,0.31,1.62,False
FloodEvent_698,Bharuch,21.7051,72.9959,0,0.0,0,26.1,64,62,1014,0.78,1.63,False
FloodEvent_699,Okha,22.4671,69.0702,11,10.0,250,25.3,94,98,998,2.16,4.4,True
FloodEvent_700,Mundra,22.8392,69.7219,20,10.0,297,30.9,76,99,999,1.56,3.74,True
FloodEvent_701,Kandla,23.0333,70.2167,0,0.0,0,32.0,77,19,1007,1.22,1.63,False
FloodEvent_702,Okha,22.4671,69.0702,18,10.0,361,29.7,85,108,1008,3.84,5.03,True
FloodEvent_703,Porbandar,21.6417,69.6293,5,9.66,281,35.4,90,15,1003,1.92,3.97,True
FloodEvent_704,Mundra,22.8392,69.7219,7,8.78,173,28.4,81,10,1011,1.66,3.09,True
FloodEvent_705,Diu,20.7194,70.9904,17,10.0,211,24.5,84,84,991,2.4,3.26,True
FloodEvent_706,Okha,22.4671,69.0702,13,10.0,329,32.8,68,4,991,1.58,5.98,True
FloodEvent_707,Mundra,22.8392,69.7219,10,10.0,224,33.5,79,63,1002,3.38,3.27,True
FloodEvent_708,Kandla,23.0333,70.2167,20,10.0,385,28.9,73,103,1005,3.5,3.56,True
FloodEvent_709,Diu,20.7194,70.9904,0,0.0,0,25.8,97,29,1014,0.34,2.97,False
FloodEvent_710,Ghogha,21.6864,72.2763,11,10.0,363,24.5,68,1,990,3.4,5.57,True
FloodEvent_711,Bhavnagar,21.7645,72.1519,13,10.0,276,34.0,64,104,1011,1.82,3.74,True
FloodEvent_712,Porbandar,21.6417,69.6293,13,10.0,409,27.9,96,69,989,2.46,5.84,True
FloodEvent_713,Ghogha,21.6864,72.2763,12,10.0,198,26.1,64,15,993,1.92,3.37,True
FloodEvent_714,Ghogha,21.6864,72.2763,12,10.0,238,24.5,66,101,1012,3.4,3.19,True
FloodEvent_715,Okha,22.4671,69.0702,0,0.0,0,25.0,60,22,1014,0.4,2.64,False
FloodEvent_716,Okha,22.4671,69.0702,0,0.0,0,32.3,73,18,1005,1.02,1.86,False
FloodEvent_717,Surat,21.1702,72.8311,14,10.0,338,35.3,99,88,986,3.29,4.73,True
FloodEvent_718,Kandla,23.0333,70.2167,0,0.0,0,30.7,72,15,1001,3.42,2.51,False
FloodEvent_719,Diu,20.7194,70.9904,20,10.0,345,30.1,89,98,1005,3.48,2.74,True
FloodEvent_720,Okha,22.4671,69.0702,14,10.0,253,30.0,70,85,1014,1.63,4.4,True
FloodEvent_721,Bharuch,21.7051,72.9959,12,10.0,331,28.0,89,5,988,3.72,5.66,True
FloodEvent_722,Kandla,23.0333,70.2167,0,0.0,0,29.8,67,9,1013,0.9,1.83,False
FloodEvent_723,Veraval,20.9077,70.3629,13,10.0,273,26.8,67,41,992,1.79,4.82,True
FloodEvent_724,Surat,21.1702,72.8311,16,10.0,250,24.9,97,62,986,4.17,2.15,True
FloodEvent_725,Okha,22.4671,69.0702,5,8.35,161,32.6,100,45,993,2.11,2.07,True
FloodEvent_726,Mundra,22.8392,69.7219,20,10.0,333,34.2,89,53,990,3.78,2.49,True
FloodEvent_727,Bhavnagar,21.7645,72.1519,17,10.0,407,30.9,95,109,992,1.76,5.36,True
FloodEvent_728,Surat,21.1702,72.8311,13,10.0,310,31.1,89,35,985,3.69,4.81,True
FloodEvent_729,Porbandar,21.6417,69.6293,0,0.0,0,31.0,97,19,1014,2.05,0.12,False
FloodEvent_730,Okha,22.4671,69.0702,0,0.0,0,32.8,92,4,998,1.91,1.97,False
FloodEvent_731,Mundra,22.8392,69.7219,0,0.0,0,29.4,75,10,1002,2.66,2.8,False
FloodEvent_732,Veraval,20.9077,70.3629,0,0.0,0,27.5,65,2,1000,2.37,0.73,False
FloodEvent_733,Okha,22.4671,69.0702,0,0.0,0,34.3,97,3,999,1.68,0.64,False
FloodEvent_734,Veraval,20.9077,70.3629,0,0.0,0,31.5,100,0,1012,2.23,1.6,False
FloodEvent_735,Veraval,20.9077,70.3629,0,0.0,0,30.4,78,54,1009,1.02,3.79,False
FloodEvent_736,Mundra,22.8392,69.7219,20,10.0,336,31.4,81,94,1014,1.66,5.75,True
FloodEvent_737,Kandla,23.0333,70.2167,0,0.0,0,25.3,83,59,1004,0.24,1.53,False
FloodEvent_738,Diu,20.7194,70.9904,0,0.0,0,32.5,73,17,995,0.91,0.54,False
FloodEvent_739,Okha,22.4671,69.0702,14,10.0,392,32.8,97,111,1015,3.61,4.89,True
FloodEvent_740,Porbandar,21.6417,69.6293,0,0.0,0,27.3,64,47,996,1.64,2.06,False
FloodEvent_741,Mundra,22.8392,69.7219,11,10.0,231,29.6,94,86,1011,3.1,2.82,True
FloodEvent_742,Okha,22.4671,69.0702,11,10.0,342,25.0,85,114,990,2.37,5.8,True
FloodEvent_743,Mundra,22.8392,69.7219,7,10.0,217,32.4,91,19,1012,0.79,3.81,True
FloodEvent_744,Porbandar,21.6417,69.6293,13,10.0,362,29.3,61,37,991,1.69,5.42,True
FloodEvent_745,Diu,20.7194,70.9904,18,10.0,313,31.7,86,74,995,2.33,3.17,True
FloodEvent_746,Okha,22.4671,69.0702,9,9.5,118,29.5,96,16,1013,2.78,0.77,True
FloodEvent_747,Veraval,20.9077,70.3629,0,0.0,0,35.6,63,18,996,1.07,3.83,False
FloodEvent_748,Diu,20.7194,70.9904,12,10.0,321,27.4,71,107,1007,3.58,4.5,True
FloodEvent_749,Mundra,22.8392,69.7219,20,10.0,248,24.5,80,73,989,2.82,3.16,True
FloodEvent_750,Veraval,20.9077,70.3629,10,10.0,223,25.8,88,69,990,3.1,2.05,True
FloodEvent_751,Okha,22.4671,69.0702,20,10.0,416,33.2,89,118,995,1.97,5.87,True
FloodEvent_752,Okha,22.4671,69.0702,17,10.0,356,34.8,96,85,989,3.9,4.78,True
FloodEvent_753,Mundra,22.8392,69.7219,0,0.0,0,32.8,62,17,1006,1.97,1.3,False
FloodEvent_754,Porbandar,21.6417,69.6293,0,0.0,0,31.4,74,57,996,0.41,0.31,False
FloodEvent_755,Surat,21.1702,72.8311,20,10.0,336,33.4,77,25,985,1.75,5.32,True
FloodEvent_756,Mundra,22.8392,69.7219,0,0.0,0,35.7,85,24,1000,1.18,2.46,False
FloodEvent_757,Veraval,20.9077,70.3629,0,0.0,0,28.8,87,47,997,1.37,1.21,False
FloodEvent_758,Veraval,20.9077,70.3629,17,10.0,299,27.7,88,111,1002,1.76,4.78,True
FloodEvent_759,Porbandar,21.6417,69.6293,0,0.0,0,32.7,86,17,1011,2.1,0.44,False
FloodEvent_760,Surat,21.1702,72.8311,16,10.0,279,27.6,93,42,987,4.3,4.16,True
FloodEvent_761,Porbandar,21.6417,69.6293,12,10.0,385,31.7,77,53,990,3.17,4.7,True
FloodEvent_762,Bharuch,21.7051,72.9959,17,10.0,330,30.6,62,105,1011,2.41,4.13,True
FloodEvent_763,Okha,22.4671,69.0702,20,10.0,351,26.7,60,19,993,2.4,4.38,True
FloodEvent_764,Porbandar,21.6417,69.6293,11,10.0,322,26.2,75,3,988,3.79,3.72,True
FloodEvent_765,Veraval,20.9077,70.3629,4,7.81,196,31.0,96,55,1012,0.98,2.78,True
FloodEvent_766,Ghogha,21.6864,72.2763,0,0.0,0,24.2,76,20,1003,0.3,1.35,False
FloodEvent_767,Bhavnagar,21.7645,72.1519,0,0.0,0,28.3,63,34,996,1.53,3.66,False
FloodEvent_768,Diu,20.7194,70.9904,11,10.0,281,31.7,64,65,991,3.8,2.32,True
FloodEvent_769,Bhavnagar,21.7645,72.1519,11,10.0,309,30.5,80,105,1012,3.55,2.85,True
FloodEvent_770,Veraval,20.9077,70.3629,0,0.0,0,33.9,60,17,1001,1.06,3.14,False
FloodEvent_771,Porbandar,21.6417,69.6293,6,9.08,232,28.1,70,13,991,1.96,2.5,True
FloodEvent_772,Diu,20.7194,70.9904,11,10.0,269,34.2,95,89,1009,3.91,3.38,True
FloodEvent_773,Bhavnagar,21.7645,72.1519,18,10.0,279,35.1,90,44,994,3.57,2.13,True
FloodEvent_774,Veraval,20.9077,70.3629,7,7.55,116,26.1,79,3,1008,2.87,0.97,True
FloodEvent_775,Surat,21.1702,72.8311,17,10.0,363,27.7,73,16,987,2.77,4.93,True
FloodEvent_776,Kandla,23.0333,70.2167,11,10.0,304,26.4,62,101,1006,3.04,1.77,True
FloodEvent_777,Kandla,23.0333,70.2167,13,10.0,432,24.8,60,96,988,3.85,5.64,True
FloodEvent_778,Surat,21.1702,72.8311,15,10.0,246,26.2,82,3,987,1.94,4.86,True
FloodEvent_779,Diu,20.7194,70.9904,0,0.0,0,33.4,99,30,1001,2.04,0.49,False
FloodEvent_780,Ghogha,21.6864,72.2763,0,0.0,0,33.2,93,27,1007,0.75,1.2,False
FloodEvent_781,Mundra,22.8392,69.7219,12,10.0,349,35.1,92,108,1007,2.92,4.64,True
FloodEvent_782,Mundra,22.8392,69.7219,0,0.0,0,26.2,82,48,998,0.83,0.99,False
FloodEvent_783,Mundra,22.8392,69.7219,5,9.2,177,29.6,93,17,1000,2.69,2.85,True
FloodEvent_784,Okha,22.4671,69.0702,5,8.53,213,25.4,78,58,1004,2.6,2.78,True
FloodEvent_785,Porbandar,21.6417,69.6293,15,10.0,387,26.3,64,114,1011,3.91,5.73,True
FloodEvent_786,Okha,22.4671,69.0702,0,0.0,0,32.1,85,56,1001,2.34,0.43,False
FloodEvent_787,Ghogha,21.6864,72.2763,6,9.28,256,35.7,70,8,996,3.42,1.42,True
FloodEvent_788,Porbandar,21.6417,69.6293,20,10.0,401,25.5,87,92,1000,2.34,4.71,True
FloodEvent_789,Veraval,20.9077,70.3629,0,0.0,0,29.7,98,51,1000,1.84,0.67,False
FloodEvent_790,Okha,22.4671,69.0702,2,6.72,235,25.3,76,62,1000,0.88,3.78,True
FloodEvent_791,Kandla,23.0333,70.2167,6,5.92,94,35.7,84,77,1006,1.21,1.28,True
FloodEvent_792,Mundra,22.8392,69.7219,14,10.0,298,31.9,93,98,1000,3.88,2.41,True
FloodEvent_793,Diu,20.7194,70.9904,0,0.0,0,30.6,62,55,1013,3.21,1.6,False
FloodEvent_794,Veraval,20.9077,70.3629,12,10.0,262,34.2,88,58,986,1.6,4.0,True
FloodEvent_795,Bhavnagar,21.7645,72.1519,0,0.0,0,27.7,84,62,1009,0.47,2.73,False
FloodEvent_796,Diu,20.7194,70.9904,0,0.0,0,32.2,96,60,1000,2.01,0.71,False
FloodEvent_797,Ghogha,21.6864,72.2763,10,10.0,227,35.7,99,86,996,3.8,2.78,True
FloodEvent_798,Kandla,23.0333,70.2167,0,0.0,0,25.5,83,44,1010,2.62,0.2,False
FloodEvent_799,Mundra,22.8392,69.7219,0,0.0,0,29.1,82,52,996,0.29,1.05,False
FloodEvent_800,Surat,21.1702,72.8311,10,10.0,188,31.8,97,10,1014,2.44,3.49,True
FloodEvent_801,Porbandar,21.6417,69.6293,15,10.0,300,30.8,86,34,985,3.59,4.15,True
FloodEvent_802,Porbandar,21.6417,69.6293,15,10.0,317,27.9,66,103,1000,1.8,4.54,True
FloodEvent_803,Veraval,20.9077,70.3629,0,0.0,0,26.0,79,46,998,0.79,2.58,False
FloodEvent_804,Diu,20.7194,70.9904,13,10.0,330,26.6,76,6,994,4.49,3.31,True
FloodEvent_805,Mundra,22.8392,69.7219,0,0.0,0,32.6,97,12,1003,1.25,0.36,False
FloodEvent_806,Surat,21.1702,72.8311,16,10.0,372,28.2,64,83,1011,2.41,5.12,True
FloodEvent_807,Veraval,20.9077,70.3629,0,0.0,0,26.4,85,32,1004,1.85,2.72,False
FloodEvent_808,Diu,20.7194,70.9904,17,10.0,336,34.4,96,63,991,3.48,5.21,True
FloodEvent_809,Diu,20.7194,70.9904,13,10.0,221,33.7,87,119,1003,3.68,1.77,True
FloodEvent_810,Bharuch,21.7051,72.9959,8,8.74,198,34.1,86,40,1012,2.92,0.35,True
FloodEvent_811,Bharuch,21.7051,72.9959,0,0.0,0,33.9,70,32,1006,2.14,1.68,False
FloodEvent_812,Surat,21.1702,72.8311,0,0.0,0,33.6,79,59,1000,2.0,1.8,False
FloodEvent_813,Kandla,23.0333,70.2167,10,10.0,387,26.4,77,17,985,2.28,5.12,True
FloodEvent_814,Okha,22.4671,69.0702,11,10.0,367,33.4,63,110,1013,1.75,4.21,True
FloodEvent_815,Porbandar,21.6417,69.6293,6,10.0,278,34.8,65,50,1015,2.96,3.39,True
FloodEvent_816,Ghogha,21.6864,72.2763,6,9.42,220,35.4,93,32,1000,3.11,1.03,True
FloodEvent_817,Veraval,20.9077,70.3629,11,10.0,340,28.0,97,94,997,3.92,4.85,True
FloodEvent_818,Bharuch,21.7051,72.9959,11,10.0,265,29.3,76,110,1003,1.67,3.9,True
FloodEvent_819,Porbandar,21.6417,69.6293,0,0.0,0,29.7,75,35,1013,2.77,0.67,False
FloodEvent_820,Bharuch,21.7051,72.9959,10,10.0,280,24.3,98,4,1011,2.61,3.22,True
FloodEvent_821,Surat,21.1702,72.8311,3,7.7,260,27.0,84,39,1005,3.36,1.52,True
FloodEvent_822,Porbandar,21.6417,69.6293,8,9.37,205,24.1,85,118,1014,2.27,1.91,True
FloodEvent_823,Bhavnagar,21.7645,72.1519,6,10.0,283,35.0,100,40,1013,2.86,2.61,True
FloodEvent_824,Okha,22.4671,69.0702,11,10.0,351,29.7,86,118,1011,2.5,3.4,True
FloodEvent_825,Bharuch,21.7051,72.9959,0,0.0,0,30.1,82,53,1004,2.58,2.24,False
FloodEvent_826,Kandla,23.0333,70.2167,11,9.69,132,31.7,71,80,999,2.79,0.63,True
FloodEvent_827,Bharuch,21.7051,72.9959,12,10.0,352,27.8,65,14,990,2.25,4.71,True
FloodEvent_828,Porbandar,21.6417,69.6293,0,0.0,0,33.5,80,57,1000,3.07,0.62,False
FloodEvent_829,Bhavnagar,21.7645,72.1519,19,10.0,238,32.2,80,102,994,2.1,3.37,True
FloodEvent_830,Kandla,23.0333,70.2167,13,10.0,395,35.1,99,80,992,4.22,5.88,True
FloodEvent_831,Bhavnagar,21.7645,72.1519,0,0.0,0,24.6,99,54,1004,0.98,0.45,False
FloodEvent_832,Mundra,22.8392,69.7219,12,10.0,168,24.2,93,55,1009,3.23,1.87,True
FloodEvent_833,Surat,21.1702,72.8311,0,0.0,0,26.3,77,36,1008,1.78,0.61,False
FloodEvent_834,Bharuch,21.7051,72.9959,9,10.0,292,32.7,72,53,990,2.73,2.16,True
FloodEvent_835,Surat,21.1702,72.8311,0,0.0,0,31.4,75,47,1003,2.43,1.89,False
FloodEvent_836,Veraval,20.9077,70.3629,19,10.0,333,35.7,85,87,991,3.64,4.69,True
FloodEvent_837,Mundra,22.8392,69.7219,6,9.02,250,30.7,63,42,1014,0.9,3.64,True
FloodEvent_838,Kandla,23.0333,70.2167,10,9.51,112,24.1,92,79,997,1.13,1.64,True
FloodEvent_839,Diu,20.7194,70.9904,15,10.0,394,24.5,71,33,990,3.01,5.69,True
FloodEvent_840,Porbandar,21.6417,69.6293,14,10.0,365,25.7,67,40,986,4.44,3.75,True
FloodEvent_841,Porbandar,21.6417,69.6293,10,10.0,229,27.4,76,78,1011,2.69,1.13,True
FloodEvent_842,Okha,22.4671,69.0702,12,10.0,196,33.2,69,71,1012,3.24,2.58,True
FloodEvent_843,Bhavnagar,21.7645,72.1519,0,0.0,0,24.7,71,4,1000,0.98,2.85,False
FloodEvent_844,Okha,22.4671,69.0702,12,10.0,256,24.5,82,90,1002,2.96,3.72,True
FloodEvent_845,Mundra,22.8392,69.7219,0,0.0,0,26.4,78,23,1011,0.67,2.08,False
FloodEvent_846,Ghogha,21.6864,72.2763,0,0.0,0,26.5,60,67,1009,2.04,1.72,False
FloodEvent_847,Mundra,22.8392,69.7219,16,10.0,243,27.0,91,86,988,4.16,1.62,True
FloodEvent_848,Mundra,22.8392,69.7219,17,10.0,311,34.0,69,3,987,2.88,4.68,True
FloodEvent_849,Bharuch,21.7051,72.9959,19,10.0,325,31.1,60,42,986,3.47,5.78,True
FloodEvent_850,Kandla,23.0333,70.2167,0,0.0,0,33.6,78,41,1010,0.29,0.38,False
FloodEvent_851,Ghogha,21.6864,72.2763,13,10.0,259,28.6,85,32,990,2.22,4.97,True
FloodEvent_852,Porbandar,21.6417,69.6293,14,10.0,332,27.4,69,15,994,2.97,3.45,True
FloodEvent_853,Ghogha,21.6864,72.2763,19,10.0,338,25.6,66,106,996,3.04,3.7,True
FloodEvent_854,Mundra,22.8392,69.7219,10,10.0,290,33.1,83,78,990,2.8,3.42,True
FloodEvent_855,Okha,22.4671,69.0702,11,10.0,422,32.1,69,119,1000,3.08,4.41,True
FloodEvent_856,Okha,22.4671,69.0702,5,8.39,219,27.6,68,87,1013,2.4,2.62,True
FloodEvent_857,Kandla,23.0333,70.2167,14,10.0,263,30.6,62,65,988,3.03,3.36,True
FloodEvent_858,Ghogha,21.6864,72.2763,12,10.0,351,25.0,92,2,988,3.72,3.58,True
FloodEvent_859,Kandla,23.0333,70.2167,10,10.0,313,25.0,79,40,1003,2.56,3.05,True
FloodEvent_860,Bhavnagar,21.7645,72.1519,16,10.0,332,26.5,65,95,1004,2.28,4.53,True
FloodEvent_861,Kandla,23.0333,70.2167,0,0.0,0,28.7,60,21,1005,1.72,2.8,False
FloodEvent_862,Ghogha,21.6864,72.2763,11,10.0,276,32.7,79,79,1011,3.41,1.51,True
FloodEvent_863,Mundra,22.8392,69.7219,13,10.0,402,25.5,60,24,988,3.95,4.63,True
FloodEvent_864,Surat,21.1702,72.8311,14,10.0,368,29.8,69,83,992,2.81,4.32,True
FloodEvent_865,Bhavnagar,21.7645,72.1519,17,10.0,433,29.7,61,14,990,4.21,4.82,True
FloodEvent_866,Okha,22.4671,69.0702,10,10.0,231,24.2,88,74,992,2.1,4.06,True
FloodEvent_867,Porbandar,21.6417,69.6293,14,10.0,266,35.8,91,94,1003,3.29,3.99,True
FloodEvent_868,Porbandar,21.6417,69.6293,10,10.0,432,29.8,97,92,1004,4.31,5.57,True
FloodEvent_869,Porbandar,21.6417,69.6293,17,10.0,248,30.9,95,8,993,4.18,3.38,True
FloodEvent_870,Ghogha,21.6864,72.2763,0,0.0,0,35.3,82,57,1007,1.58,0.73,False
FloodEvent_871,Okha,22.4671,69.0702,12,10.0,231,26.8,74,75,1014,2.43,3.69,True
FloodEvent_872,Bharuch,21.7051,72.9959,0,0.0,0,32.7,84,53,1011,3.3,2.64,False
FloodEvent_873,Bhavnagar,21.7645,72.1519,7,9.84,228,31.5,78,88,1008,1.76,3.67,True
FloodEvent_874,Ghogha,21.6864,72.2763,9,10.0,241,29.9,86,120,1000,2.41,2.44,True
FloodEvent_875,Bhavnagar,21.7645,72.1519,0,0.0,0,26.1,92,4,1010,0.32,1.78,False
FloodEvent_876,Ghogha,21.6864,72.2763,0,0.0,0,26.7,95,28,1000,0.98,1.43,False
FloodEvent_877,Diu,20.7194,70.9904,11,10.0,409,27.2,69,109,1007,4.12,4.22,True
FloodEvent_878,Okha,22.4671,69.0702,2,7.14,237,33.6,67,13,1010,2.18,3.15,True
FloodEvent_879,Bhavnagar,21.7645,72.1519,12,10.0,301,31.6,73,116,996,1.97,2.81,True
FloodEvent_880,Okha,22.4671,69.0702,5,8.61,257,32.8,66,19,1005,1.34,3.29,True
FloodEvent_881,Kandla,23.0333,70.2167,15,10.0,244,26.9,90,43,994,3.02,1.88,True
FloodEvent_882,Porbandar,21.6417,69.6293,5,8.47,257,28.3,75,19,1009,2.66,1.74,True
FloodEvent_883,Okha,22.4671,69.0702,12,10.0,265,35.4,93,101,1006,2.59,1.63,True
FloodEvent_884,Diu,20.7194,70.9904,0,0.0,0,35.3,65,43,995,1.47,3.11,False
FloodEvent_885,Kandla,23.0333,70.2167,20,10.0,370,31.9,69,115,1003,1.67,4.34,True
FloodEvent_886,Bharuch,21.7051,72.9959,18,10.0,330,29.0,95,111,994,3.66,2.91,True
FloodEvent_887,Bhavnagar,21.7645,72.1519,19,10.0,390,32.4,88,82,991,4.16,4.31,True
FloodEvent_888,Veraval,20.9077,70.3629,12,10.0,282,34.7,85,99,991,4.14,1.88,True
FloodEvent_889,Diu,20.7194,70.9904,0,0.0,0,27.4,65,65,1002,1.16,1.43,False
FloodEvent_890,Bhavnagar,21.7645,72.1519,11,10.0,366,24.3,94,75,993,2.22,4.98,True
FloodEvent_891,Veraval,20.9077,70.3629,11,10.0,266,27.1,92,45,988,1.64,4.43,True
FloodEvent_892,Ghogha,21.6864,72.2763,20,10.0,427,32.8,89,43,992,3.92,5.95,True
FloodEvent_893,Ghogha,21.6864,72.2763,0,0.0,0,26.8,79,36,1006,2.77,2.89,False
FloodEvent_894,Bhavnagar,21.7645,72.1519,17,10.0,224,32.6,93,94,992,1.82,3.82,True
FloodEvent_895,Porbandar,21.6417,69.6293,13,10.0,203,33.9,65,11,986,2.77,2.09,True
FloodEvent_896,Veraval,20.9077,70.3629,0,0.0,0,32.1,85,75,1002,1.86,1.64,False
FloodEvent_897,Porbandar,21.6417,69.6293,12,10.0,279,36.0,91,93,998,3.97,2.15,True
FloodEvent_898,Okha,22.4671,69.0702,10,10.0,304,25.6,92,110,1001,1.85,2.46,True
FloodEvent_899,Mundra,22.8392,69.7219,18,10.0,183,31.2,86,14,988,2.61,2.8,True
FloodEvent_900,Veraval,20.9077,70.3629,10,10.0,401,27.7,83,38,994,2.96,5.06,True
FloodEvent_901,Bharuch,21.7051,72.9959,6,6.18,104,34.7,73,23,1011,2.61,0.11,True
FloodEvent_902,Kandla,23.0333,70.2167,0,0.0,0,29.0,96,39,1003,1.64,1.42,False
FloodEvent_903,Ghogha,21.6864,72.2763,0,0.0,0,25.6,68,64,1005,1.67,1.85,False
FloodEvent_904,Okha,22.4671,69.0702,0,0.0,0,25.8,80,11,1010,2.22,2.53,False
FloodEvent_905,Veraval,20.9077,70.3629,10,10.0,407,30.5,88,94,993,3.44,5.4,True
FloodEvent_906,Bharuch,21.7051,72.9959,19,10.0,358,30.7,67,82,1002,1.76,5.8,True
FloodEvent_907,Okha,22.4671,69.0702,0,0.0,0,30.0,61,15,1006,3.28,0.8,False
FloodEvent_908,Kandla,23.0333,70.2167,0,0.0,0,27.3,73,31,1011,2.5,3.56,False
FloodEvent_909,Ghogha,21.6864,72.2763,11,10.0,95,27.8,97,5,1000,3.03,0.19,True
FloodEvent_910,Kandla,23.0333,70.2167,12,10.0,302,34.3,80,48,993,1.77,5.91,True
FloodEvent_911,Mundra,22.8392,69.7219,12,10.0,285,25.9,86,86,990,1.68,5.83,True
FloodEvent_912,Kandla,23.0333,70.2167,11,10.0,178,27.6,66,40,989,2.74,2.96,True
FloodEvent_913,Surat,21.1702,72.8311,2,6.22,148,33.0,97,30,1000,1.83,2.07,True
FloodEvent_914,Veraval,20.9077,70.3629,0,0.0,0,29.6,86,8,1000,0.2,2.57,False
FloodEvent_915,Diu,20.7194,70.9904,0,0.0,0,35.6,66,31,1009,1.99,3.16,False
FloodEvent_916,Bharuch,21.7051,72.9959,0,0.0,0,30.8,88,10,1012,2.26,0.89,False
FloodEvent_917,Bhavnagar,21.7645,72.1519,5,10.0,270,33.4,94,54,1015,3.2,1.86,True
FloodEvent_918,Ghogha,21.6864,72.2763,16,10.0,395,27.5,70,0,986,4.3,3.67,True
FloodEvent_919,Surat,21.1702,72.8311,11,10.0,230,31.0,92,36,986,1.98,3.9,True
FloodEvent_920,Porbandar,21.6417,69.6293,15,10.0,486,32.4,68,92,1002,4.5,5.45,True
FloodEvent_921,Veraval,20.9077,70.3629,13,10.0,261,31.6,88,34,992,3.49,2.95,True
FloodEvent_922,Ghogha,21.6864,72.2763,11,10.0,269,27.9,68,82,1014,1.51,3.64,True
FloodEvent_923,Okha,22.4671,69.0702,5,10.0,301,33.1,94,10,1010,3.08,2.64,True
FloodEvent_924,Okha,22.4671,69.0702,10,10.0,270,32.1,82,104,997,3.98,3.11,True
FloodEvent_925,Veraval,20.9077,70.3629,20,10.0,416,35.2,88,1,992,3.73,4.91,True
FloodEvent_926,Veraval,20.9077,70.3629,10,10.0,254,26.3,99,80,994,3.93,2.5,True
FloodEvent_927,Ghogha,21.6864,72.2763,19,10.0,381,26.5,72,105,1005,2.69,5.41,True
FloodEvent_928,Bhavnagar,21.7645,72.1519,12,10.0,227,30.6,96,86,1006,3.31,2.29,True
FloodEvent_929,Ghogha,21.6864,72.2763,10,10.0,432,34.3,93,93,1010,2.32,5.31,True
FloodEvent_930,Diu,20.7194,70.9904,15,10.0,260,31.4,95,113,999,1.51,3.42,True
FloodEvent_931,Porbandar,21.6417,69.6293,8,9.83,150,27.3,93,59,1000,1.33,3.06,True
FloodEvent_932,Porbandar,21.6417,69.6293,0,0.0,0,30.4,80,0,997,0.76,0.42,False
FloodEvent_933,Surat,21.1702,72.8311,0,0.0,0,35.7,87,9,1014,0.95,0.74,False
FloodEvent_934,Bharuch,21.7051,72.9959,15,10.0,389,24.8,100,12,985,2.94,5.14,True
FloodEvent_935,Surat,21.1702,72.8311,0,0.0,0,25.3,75,43,1011,0.29,1.4,False
FloodEvent_936,Surat,21.1702,72.8311,10,10.0,313,35.3,98,79,999,2.7,2.54,True
FloodEvent_937,Porbandar,21.6417,69.6293,10,10.0,306,27.8,64,100,989,1.69,5.11,True
FloodEvent_938,Porbandar,21.6417,69.6293,13,10.0,318,24.8,63,71,986,2.38,3.22,True
FloodEvent_939,Ghogha,21.6864,72.2763,0,0.0,0,24.1,84,59,1010,1.56,2.52,False
FloodEvent_940,Mundra,22.8392,69.7219,0,0.0,0,28.1,61,58,1001,1.22,0.85,False
FloodEvent_941,Mundra,22.8392,69.7219,15,10.0,286,31.1,72,115,1003,1.88,3.79,True
FloodEvent_942,Ghogha,21.6864,72.2763,0,0.0,0,29.3,75,17,1010,0.25,0.6,False
FloodEvent_943,Veraval,20.9077,70.3629,15,10.0,222,27.7,94,99,989,1.94,2.89,True
FloodEvent_944,Kandla,23.0333,70.2167,13,10.0,417,30.2,69,7,992,3.02,5.26,True
FloodEvent_945,Surat,21.1702,72.8311,0,0.0,0,33.4,81,24,1006,1.72,2.8,False
FloodEvent_946,Okha,22.4671,69.0702,11,10.0,295,31.2,81,109,1003,3.2,3.01,True
FloodEvent_947,Kandla,23.0333,70.2167,13,10.0,281,30.0,60,81,992,3.58,3.6,True
FloodEvent_948,Veraval,20.9077,70.3629,0,0.0,0,33.7,84,26,997,0.73,3.96,False
FloodEvent_949,Kandla,23.0333,70.2167,0,0.0,0,30.7,69,37,999,0.76,2.38,False
FloodEvent_950,Veraval,20.9077,70.3629,0,0.0,0,24.5,61,25,991,2.35,2.49,False
FloodEvent_951,Diu,20.7194,70.9904,10,10.0,439,27.0,72,2,990,4.03,5.6,True
FloodEvent_952,Bhavnagar,21.7645,72.1519,0,0.0,0,28.5,67,43,1014,0.81,1.88,False
FloodEvent_953,Bhavnagar,21.7645,72.1519,12,10.0,341,35.3,99,112,998,4.14,1.79,True
FloodEvent_954,Bhavnagar,21.7645,72.1519,0,0.0,0,33.5,72,68,997,2.46,1.34,False
FloodEvent_955,Kandla,23.0333,70.2167,10,10.0,191,33.2,97,24,1012,1.92,3.18,True
FloodEvent_956,Bharuch,21.7051,72.9959,6,9.34,185,34.5,92,74,1013,1.76,2.94,True
FloodEvent_957,Porbandar,21.6417,69.6293,0,0.0,0,33.0,92,47,1000,1.86,0.8,False
FloodEvent_958,Veraval,20.9077,70.3629,19,10.0,295,30.3,90,91,1015,2.98,2.71,True
FloodEvent_959,Surat,21.1702,72.8311,0,0.0,0,26.6,72,57,1012,0.9,0.95,False
FloodEvent_960,Porbandar,21.6417,69.6293,9,10.0,169,34.7,96,20,1014,2.96,1.09,True
FloodEvent_961,Veraval,20.9077,70.3629,0,0.0,0,26.8,62,59,1001,2.21,1.76,False
FloodEvent_962,Okha,22.4671,69.0702,20,10.0,220,29.2,83,102,1000,2.45,3.22,True
FloodEvent_963,Mundra,22.8392,69.7219,8,10.0,194,27.5,92,65,1002,2.29,3.16,True
FloodEvent_964,Mundra,22.8392,69.7219,0,0.0,0,28.3,94,25,995,0.77,1.38,False
FloodEvent_965,Bharuch,21.7051,72.9959,9,10.0,170,26.3,98,17,1012,2.66,2.99,True
FloodEvent_966,Bharuch,21.7051,72.9959,20,10.0,421,27.4,82,100,997,4.34,5.2,True
FloodEvent_967,Bhavnagar,21.7645,72.1519,0,0.0,0,34.4,74,29,1008,2.65,1.95,False
FloodEvent_968,Diu,20.7194,70.9904,13,10.0,321,31.0,95,96,999,3.67,3.58,True
FloodEvent_969,Porbandar,21.6417,69.6293,7,8.36,190,26.5,88,109,1002,1.59,2.13,True
FloodEvent_970,Kandla,23.0333,70.2167,18,10.0,283,30.0,82,43,992,2.76,4.59,True
FloodEvent_971,Ghogha,21.6864,72.2763,15,10.0,392,24.3,62,118,989,1.96,5.79,True
FloodEvent_972,Ghogha,21.6864,72.2763,13,10.0,313,35.0,96,110,997,4.44,2.42,True
FloodEvent_973,Veraval,20.9077,70.3629,7,8.6,162,30.8,88,81,1013,2.41,2.27,True
FloodEvent_974,Ghogha,21.6864,72.2763,18,10.0,236,29.9,71,25,987,4.23,3.24,True
FloodEvent_975,Kandla,23.0333,70.2167,3,7.81,277,28.4,60,21,995,3.02,1.7,True
FloodEvent_976,Bhavnagar,21.7645,72.1519,14,10.0,370,30.4,90,95,987,2.67,5.57,True
FloodEvent_977,Okha,22.4671,69.0702,20,10.0,335,25.9,96,120,994,3.26,3.76,True
FloodEvent_978,Surat,21.1702,72.8311,13,10.0,346,24.1,69,57,987,3.97,4.22,True
FloodEvent_979,Ghogha,21.6864,72.2763,0,0.0,0,34.6,89,59,1003,0.23,0.46,False
FloodEvent_980,Veraval,20.9077,70.3629,11,10.0,236,32.4,79,50,1004,2.9,3.41,True
FloodEvent_981,Ghogha,21.6864,72.2763,2,6.52,194,32.8,89,49,1014,2.34,2.82,True
FloodEvent_982,Bhavnagar,21.7645,72.1519,13,10.0,300,27.3,100,68,994,3.5,1.8,True
FloodEvent_983,Porbandar,21.6417,69.6293,0,0.0,0,35.9,95,15,996,0.36,0.51,False
FloodEvent_984,Okha,22.4671,69.0702,20,10.0,256,26.0,73,64,986,2.89,1.83,True
FloodEvent_985,Porbandar,21.6417,69.6293,15,10.0,254,28.1,85,109,991,2.69,1.55,True
FloodEvent_986,Okha,22.4671,69.0702,0,0.0,0,29.8,64,10,1002,2.33,2.88,False
FloodEvent_987,Okha,22.4671,69.0702,18,10.0,244,25.7,77,107,990,2.01,1.58,True
FloodEvent_988,Bhavnagar,21.7645,72.1519,13,10.0,287,24.9,60,86,993,1.96,3.11,True
FloodEvent_989,Diu,20.7194,70.9904,16,10.0,406,26.6,63,107,1005,3.93,4.38,True
FloodEvent_990,Okha,22.4671,69.0702,0,0.0,0,24.6,60,6,1009,1.38,0.89,False
FloodEvent_991,Surat,21.1702,72.8311,6,7.22,114,28.5,75,25,987,1.55,1.63,True
FloodEvent_992,Mundra,22.8392,69.7219,15,10.0,250,33.6,70,92,990,1.63,3.81,True
FloodEvent_993,Surat,21.1702,72.8311,2,5.11,123,31.5,94,50,1015,1.55,1.01,True
FloodEvent_994,Veraval,20.9077,70.3629,20,10.0,332,24.1,73,58,992,1.7,5.17,True
FloodEvent_995,Kandla,23.0333,70.2167,19,10.0,266,24.8,73,52,994,3.8,3.75,True
FloodEvent_996,Mundra,22.8392,69.7219,12,10.0,390,31.2,100,89,997,3.53,5.88,True
FloodEvent_997,Veraval,20.9077,70.3629,0,0.0,0,35.7,90,8,995,0.16,3.66,False
FloodEvent_998,Surat,21.1702,72.8311,14,10.0,327,30.0,60,29,985,3.35,5.54,True
FloodEvent_999,Porbandar,21.6417,69.6293,20,10.0,182,33.1,99,10,986,1.91,3.74,True
FloodEvent_1000,Ghogha,21.6864,72.2763,5,9.07,265,35.9,88,94,1013,2.49,2.75,True
